date,regime,n_stocks,leverage,turnover,tc_cost,cash_weight,top_holdings
2014-03-06,0,30,1.0,1.0,0.0005,0.0,"[('EPAM', 0.33333333333333337), ('XYL', 0.33333333333333337), ('EBAY', 0.33333333333333337), ('FANG', 0.0), ('ULTA', 0.0), ('AAP', 0.0), ('LDOS', 0.0), ('BBY', 0.0), ('AKAM', 0.0), ('VMC', 0.0)]"
2014-03-13,0,30,1.0,1.4666666666666666,0.0007333333333333333,0.0,"[('LDOS', 1.0), ('BA', 0.0), ('TGT', 0.0), ('VZ', 0.0), ('TSLA', 0.0), ('ISRG', 0.0), ('GNRC', 0.0), ('ADBE', 0.0), ('PKG', 0.0), ('PM', 0.0)]"
2014-03-20,0,30,1.0,1.4,0.0007,0.0,"[('CRM', 0.03333333333333333), ('CHRW', 0.03333333333333333), ('AAP', 0.03333333333333333), ('META', 0.03333333333333333), ('ENPH', 0.03333333333333333), ('TGT', 0.03333333333333333), ('MU', 0.03333333333333333), ('VRSN', 0.03333333333333333), ('CMCSA', 0.03333333333333333), ('IDXX', 0.03333333333333333)]"
2014-03-27,0,30,1.0,1.3333333333333333,0.0006666666666666666,0.0,"[('SBNY', 0.19999999999999998), ('AAP', 0.19999999999999998), ('ABMD', 0.19999999999999998), ('GOOG', 0.19999999999999998), ('GOOGL', 0.19999999999999998), ('GNRC', 0.0), ('TMO', 0.0), ('ZBRA', 0.0), ('TGT', 0.0), ('VTRS', 0.0)]"
2014-04-03,0,30,1.0,1.5333333333333334,0.0007666666666666667,0.0,"[('LDOS', 1.0), ('REGN', 0.0), ('AVGO', 0.0), ('CTXS', 0.0), ('NKE', 0.0), ('MCK', 0.0), ('DD', 0.0), ('ABMD', 0.0), ('JNPR', 0.0), ('PFG', 0.0)]"
2014-04-10,1,30,0.7,1.6666666666666667,0.0008333333333333334,0.29999999999999993,"[('ILMN', 0.09693566065327822), ('AAL', 0.05870291298725694), ('AAP', 0.05237426826559523), ('DXCM', 0.051110608071481815), ('VLO', 0.04346401794065722), ('UAL', 0.04246769084243296), ('TYL', 0.03923455826285361), ('K', 0.0366019126116787), ('SBNY', 0.03616398326785149), ('INCY', 0.03511407241559406)]"
2014-04-17,1,30,0.7,1.3333333333333333,0.0006666666666666666,0.30000000000000027,"[('NFLX', 0.06979740811099565), ('ZBRA', 0.060837072988206065), ('SIVB', 0.046683683307307065), ('GNRC', 0.04649849706432517), ('DXCM', 0.044129939809468964), ('GOOGL', 0.04168750350656516), ('TTWO', 0.039630645169614585), ('AZO', 0.03446512981061056), ('RCL', 0.03424735642362011), ('TYL', 0.03284434833297446)]"
2014-04-25,1,30,0.7,1.2666666666666666,0.0006333333333333333,0.30000000000000004,"[('AMD', 0.07239571613338812), ('ZBRA', 0.069759256650884), ('NVR', 0.05675023439956555), ('EXPE', 0.049167783967892426), ('TJX', 0.041467162248482986), ('POOL', 0.04080639646417296), ('SIVB', 0.04052111341900554), ('FITB', 0.04051415499205391), ('EA', 0.038713233494948575), ('DXC', 0.03619243862164285)]"
2014-05-02,1,30,0.7,1.6,0.0008,0.29999999999999993,"[('SWKS', 0.05729181737318398), ('J', 0.05619109364220809), ('BAC', 0.05609879195508204), ('CAH', 0.050147067624484766), ('PNR', 0.04651308799623537), ('ROK', 0.046063972930281284), ('ADI', 0.04313902475608309), ('CRL', 0.04082207894464488), ('PCAR', 0.03761253457540459), ('ROP', 0.03581064533628805)]"
2014-05-09,0,30,1.0,1.6,0.0008,0.0,"[('TSN', 0.09406075959867514), ('GNRC', 0.06278182394362346), ('TRMB', 0.04960600312289875), ('CAH', 0.04956415402597882), ('MRK', 0.04732392936748922), ('MGM', 0.044217971320122076), ('AMZN', 0.03656179365395816), ('TECH', 0.034698615089571117), ('WDC', 0.03398664577302454), ('PCAR', 0.032876778391637634)]"
2014-05-16,0,25,1.0,2.12,0.0010600000000000002,0.0,"[('TSN', 0.10551850359306277), ('TSLA', 0.08629162118157062), ('MTB', 0.04421291454528696), ('WHR', 0.044005824569890405), ('FMC', 0.04393191686035772), ('BRK-B', 0.04218623250623449), ('FRC', 0.041851025225916744), ('UNH', 0.04133911949744909), ('HUM', 0.039296781281087205), ('CMA', 0.035674683610544496)]"
2014-05-23,0,30,1.0,1.7666666666666666,0.0008833333333333333,0.0,"[('MOH', 0.15000000000000002), ('EW', 0.15000000000000002), ('TJX', 0.15000000000000002), ('SWKS', 0.15000000000000002), ('LRCX', 0.15000000000000002), ('RSG', 0.15000000000000002), ('NOC', 0.09999999999999998), ('CB', 0.0), ('EA', 0.0), ('GM', 0.0)]"
2014-06-02,0,30,1.0,1.7333333333333334,0.0008666666666666667,0.0,"[('DG', 0.03333333333333333), ('NFLX', 0.03333333333333333), ('ANSS', 0.03333333333333333), ('ALL', 0.03333333333333333), ('TPR', 0.03333333333333333), ('ENPH', 0.03333333333333333), ('UPS', 0.03333333333333333), ('TRV', 0.03333333333333333), ('NDSN', 0.03333333333333333), ('CB', 0.03333333333333333)]"
2014-06-09,0,30,1.0,1.3333333333333333,0.0006666666666666666,0.0,"[('PEP', 0.03333333333333333), ('ENPH', 0.03333333333333333), ('UPS', 0.03333333333333333), ('MO', 0.03333333333333333), ('GILD', 0.03333333333333333), ('TPR', 0.03333333333333333), ('ALL', 0.03333333333333333), ('TTWO', 0.03333333333333333), ('RSG', 0.03333333333333333), ('WEC', 0.03333333333333333)]"
2014-06-16,0,30,1.0,1.5333333333333334,0.0007666666666666667,0.0,"[('INTC', 0.03333333333333333), ('GILD', 0.03333333333333333), ('ENPH', 0.03333333333333333), ('AAL', 0.03333333333333333), ('TECH', 0.03333333333333333), ('EPAM', 0.03333333333333333), ('GIS', 0.03333333333333333), ('HAL', 0.03333333333333333), ('ULTA', 0.03333333333333333), ('DAL', 0.03333333333333333)]"
2014-06-23,0,30,1.0,1.6,0.0008,0.0,"[('ULTA', 0.03333333333333333), ('TSCO', 0.03333333333333333), ('TPR', 0.03333333333333333), ('DLTR', 0.03333333333333333), ('ENPH', 0.03333333333333333), ('FANG', 0.03333333333333333), ('EBAY', 0.03333333333333333), ('WM', 0.03333333333333333), ('CAG', 0.03333333333333333), ('NTAP', 0.03333333333333333)]"
2014-06-30,0,29,1.0,1.3448275862068966,0.0006724137931034483,2.220446049250313e-16,"[('BIO', 0.03448275862068966), ('SLB', 0.03448275862068966), ('FANG', 0.03448275862068966), ('HII', 0.03448275862068966), ('VLO', 0.03448275862068966), ('NTAP', 0.03448275862068966), ('HAL', 0.03448275862068966), ('KMX', 0.03448275862068966), ('OKE', 0.03448275862068966), ('LDOS', 0.03448275862068966)]"
2014-07-08,0,30,1.0,1.7666666666666666,0.0008833333333333333,0.0,"[('DAL', 0.03333333333333333), ('AAL', 0.03333333333333333), ('KMX', 0.03333333333333333), ('ROST', 0.03333333333333333), ('EXC', 0.03333333333333333), ('MTCH', 0.03333333333333333), ('OXY', 0.03333333333333333), ('J', 0.03333333333333333), ('META', 0.03333333333333333), ('GRMN', 0.03333333333333333)]"
2014-07-15,0,30,1.0,1.6,0.0008,0.0,"[('IRM', 0.03333333333333333), ('DAL', 0.03333333333333333), ('LDOS', 0.03333333333333333), ('PVH', 0.03333333333333333), ('GRMN', 0.03333333333333333), ('ES', 0.03333333333333333), ('ROST', 0.03333333333333333), ('PENN', 0.03333333333333333), ('CMG', 0.03333333333333333), ('LHX', 0.03333333333333333)]"
2014-07-22,0,29,1.0,1.5517241379310345,0.0007758620689655172,0.0,"[('FRC', 0.5), ('SWKS', 0.5), ('IRM', 0.0), ('DAL', 0.0), ('TJX', 0.0), ('ESS', 0.0), ('KMX', 0.0), ('ZBH', 0.0), ('PVH', 0.0), ('CMCSA', 0.0)]"
2014-07-29,0,12,1.0,3.0833333333333335,0.0015416666666666669,0.0,"[('FANG', 0.13674252456459107), ('FRC', 0.12371749581403016), ('QCOM', 0.09570158682518379), ('EA', 0.09489714396665405), ('CMG', 0.09228144950237986), ('FLT', 0.07883112460349545), ('AON', 0.06853861581026423), ('SWKS', 0.06776825772327559), ('YUM', 0.06371701059436069), ('EOG', 0.0595887410962402)]"
2014-08-05,1,30,0.7,1.2,0.0006,0.30000000000000016,"[('AON', 0.05243938515088697), ('HUM', 0.04789340003538822), ('K', 0.0473191852324517), ('TAP', 0.046638476928232184), ('QCOM', 0.04650810059455939), ('UPS', 0.044654366883001215), ('AOS', 0.042379908718050606), ('PNR', 0.04221886033551825), ('ISRG', 0.04167925403799545), ('CE', 0.04082162056549937)]"
2014-08-12,0,30,1.0,1.6666666666666667,0.0008333333333333334,0.0,"[('WBA', 0.0802698325801169), ('ZBRA', 0.06342913667149798), ('GRMN', 0.05018258312845518), ('UPS', 0.04600502267064727), ('CL', 0.04201604832232079), ('COP', 0.0418642553419805), ('HUM', 0.038594354672975464), ('DXCM', 0.03800612952567095), ('CLX', 0.03638276105441817), ('NRG', 0.035104515765051726)]"
2014-08-19,0,20,1.0,2.1,0.0010500000000000002,0.0,"[('WBA', 0.11212857850649846), ('CTSH', 0.10975947966600565), ('ZBRA', 0.07619363497325862), ('DG', 0.06086357275211215), ('MSI', 0.05012052357077544), ('PH', 0.048514933879804864), ('COP', 0.04830248819418311), ('VTRS', 0.04649540027910384), ('DXC', 0.04403114838903852), ('NRG', 0.040736338474773724)]"
2014-08-26,0,29,1.0,1.6896551724137931,0.0008448275862068966,2.220446049250313e-16,"[('MNST', 0.03448275862068966), ('GILD', 0.03448275862068966), ('ECL', 0.03448275862068966), ('PKI', 0.03448275862068966), ('AWK', 0.03448275862068966), ('RSG', 0.03448275862068966), ('FISV', 0.03448275862068966), ('TYL', 0.03448275862068966), ('CB', 0.03448275862068966), ('SNPS', 0.03448275862068966)]"
2014-09-03,0,30,1.0,1.3,0.0006500000000000001,0.0,"[('MSI', 0.03333333333333333), ('GILD', 0.03333333333333333), ('ECL', 0.03333333333333333), ('ALL', 0.03333333333333333), ('UPS', 0.03333333333333333), ('UNP', 0.03333333333333333), ('NLSN', 0.03333333333333333), ('HAL', 0.03333333333333333), ('RTX', 0.03333333333333333), ('ALGN', 0.03333333333333333)]"
2014-09-10,0,29,1.0,1.6206896551724137,0.0008103448275862069,2.220446049250313e-16,"[('WMB', 0.03448275862068966), ('PARA', 0.03448275862068966), ('KMI', 0.03448275862068966), ('MU', 0.03448275862068966), ('PNR', 0.03448275862068966), ('WM', 0.03448275862068966), ('DXCM', 0.03448275862068966), ('ZBRA', 0.03448275862068966), ('EVRG', 0.03448275862068966), ('STZ', 0.03448275862068966)]"
2014-09-17,0,30,1.0,1.5666666666666667,0.0007833333333333334,0.0,"[('ALK', 0.03333333333333333), ('MU', 0.03333333333333333), ('CTSH', 0.03333333333333333), ('DG', 0.03333333333333333), ('LVS', 0.03333333333333333), ('ALGN', 0.03333333333333333), ('MNST', 0.03333333333333333), ('VRTX', 0.03333333333333333), ('ETN', 0.03333333333333333), ('CMG', 0.03333333333333333)]"
2014-09-24,0,30,1.0,1.5333333333333334,0.0007666666666666667,0.0,"[('DLR', 0.03333333333333333), ('FRT', 0.03333333333333333), ('ATVI', 0.03333333333333333), ('FDS', 0.03333333333333333), ('VTR', 0.03333333333333333), ('FAST', 0.03333333333333333), ('AMD', 0.03333333333333333), ('DRE', 0.03333333333333333), ('REG', 0.03333333333333333), ('WBD', 0.03333333333333333)]"
2014-10-01,1,30,0.7,1.1333333333333333,0.0005666666666666667,0.30000000000000016,"[('TEL', 0.21428571428571433), ('GIS', 0.2040915891757333), ('UHS', 0.19169885599261968), ('AMD', 0.1360630108332636), ('F', 0.1117827187872451), ('LYB', 0.10162117285619002), ('DOV', 0.04045693806923407), ('CTSH', 0.0), ('FMC', 0.0), ('CPRT', 0.0)]"
2014-10-08,1,30,0.7,1.7333333333333334,0.0008666666666666667,0.30000000000000027,"[('SWKS', 0.07665737940259178), ('HCA', 0.049657030428697915), ('CTXS', 0.04095005246752745), ('GILD', 0.040858074230808304), ('DD', 0.040268489227726516), ('MTCH', 0.038937430567808), ('AAPL', 0.03873389417685118), ('MLM', 0.037667032928127404), ('LUV', 0.03648280849126112), ('SNA', 0.03561661651074299)]"
2014-10-15,1,30,0.7,1.7333333333333334,0.0008666666666666667,0.30000000000000004,"[('ENPH', 0.058533075778597315), ('URI', 0.049778795267617845), ('GILD', 0.0490079674136729), ('LYB', 0.04654538299047959), ('ILMN', 0.04324470637977538), ('APH', 0.039292420661027276), ('EXPE', 0.03730308288994677), ('LUV', 0.03706963048163263), ('NDAQ', 0.03623643764811015), ('ODFL', 0.03582068973066111)]"
2014-10-22,1,30,0.7,1.6,0.0008,0.29999999999999993,"[('NFLX', 0.0772884654624648), ('CMG', 0.047730175482911474), ('GILD', 0.04725467947810308), ('LUV', 0.0370455401190983), ('ZTS', 0.03581690021153026), ('IBM', 0.034751449936288044), ('FITB', 0.034221744509513465), ('NDAQ', 0.03398013245768108), ('FISV', 0.033886501716103926), ('MDT', 0.033704187016478544)]"
2014-10-29,1,30,0.7,1.6666666666666667,0.0008333333333333334,0.30000000000000004,"[('ENPH', 0.07315222463156709), ('NOW', 0.047271711472786), ('ILMN', 0.04566564070997397), ('BAC', 0.041540968196570466), ('MRK', 0.038321069594536704), ('DISH', 0.03788581748810539), ('REGN', 0.03758261897137638), ('ADM', 0.03734670185107941), ('IP', 0.03586371231131324), ('EXPE', 0.035614740687065174)]"
2014-11-05,1,30,0.7,1.6666666666666667,0.0008333333333333334,0.29999999999999993,"[('ABMD', 0.06409184082489487), ('MNST', 0.05809583578555656), ('V', 0.053565245627830396), ('TSCO', 0.05033590031941922), ('BMY', 0.043720508326852064), ('AMGN', 0.040509967894888955), ('XRAY', 0.03702837246306088), ('ABC', 0.03697359503253237), ('INCY', 0.03514796528173035), ('CMG', 0.034561067172657924)]"
2014-11-12,0,30,1.0,1.8,0.0009000000000000001,0.0,"[('ABMD', 0.0863046732319029), ('TTWO', 0.05493242812324975), ('HSIC', 0.05335079160105848), ('ENPH', 0.05098611231673894), ('V', 0.049477408097536715), ('MNST', 0.0492989791866746), ('META', 0.048482082781081244), ('CCI', 0.03960066961058191), ('MA', 0.03657776612815829), ('LH', 0.03432497354279137)]"
2014-11-19,0,30,1.0,1.7333333333333334,0.0008666666666666667,2.220446049250313e-16,"[('DXCM', 0.25), ('HSIC', 0.25), ('WMT', 0.25), ('VRTX', 0.25), ('BKR', 0.0), ('GILD', 0.0), ('AMD', 0.0), ('GOOG', 0.0), ('ENPH', 0.0), ('PKG', 0.0)]"
2014-11-26,0,30,1.0,1.6,0.0008,0.0,"[('ENPH', 0.03333333333333333), ('BKR', 0.03333333333333333), ('NWS', 0.03333333333333333), ('NLSN', 0.03333333333333333), ('OXY', 0.03333333333333333), ('LOW', 0.03333333333333333), ('TGT', 0.03333333333333333), ('AVGO', 0.03333333333333333), ('PEP', 0.03333333333333333), ('WYNN', 0.03333333333333333)]"
2014-12-04,0,30,1.0,1.6,0.0008,0.0,"[('ENPH', 0.03333333333333333), ('GOOGL', 0.03333333333333333), ('APA', 0.03333333333333333), ('GOOG', 0.03333333333333333), ('META', 0.03333333333333333), ('FANG', 0.03333333333333333), ('CTRA', 0.03333333333333333), ('LYB', 0.03333333333333333), ('FCX', 0.03333333333333333), ('MNST', 0.03333333333333333)]"
2014-12-11,0,30,1.0,1.5333333333333334,0.0007666666666666667,0.0,"[('WMB', 1.0), ('NFLX', 0.0), ('NKE', 0.0), ('AMD', 0.0), ('TRMB', 0.0), ('HES', 0.0), ('IRM', 0.0), ('MTCH', 0.0), ('CTRA', 0.0), ('DVN', 0.0)]"
2014-12-18,1,30,0.7,1.7333333333333334,0.0008666666666666667,0.2999999999999998,"[('VRTX', 0.11989591788729165), ('PSA', 0.04543821798007541), ('D', 0.03842194862341288), ('ADBE', 0.03821619242006728), ('NI', 0.03774326342963139), ('BMY', 0.037199891717170946), ('GPN', 0.035701982414970995), ('DPZ', 0.035060795028685435), ('PEP', 0.0337192034551284), ('ACN', 0.03332571736113811)]"
2014-12-26,1,30,0.7,1.4,0.0007,0.29999999999999993,"[('REGN', 0.0632315239038603), ('ORCL', 0.053731396827993466), ('GILD', 0.04512315450118686), ('TSN', 0.04194592036540749), ('ACN', 0.038608945801312106), ('PEAK', 0.03853187127475198), ('IT', 0.03568090115032882), ('DLR', 0.03554405703469698), ('AJG', 0.03500600632967249), ('CPT', 0.03397967051869764)]"
2015-01-05,1,20,0.7,2.2,0.0011,0.30000000000000004,"[('ORCL', 0.0901773998026858), ('UAL', 0.08657455207108987), ('HAS', 0.054273311784163905), ('XRAY', 0.05347431540403415), ('PAYX', 0.05320518173098187), ('PSA', 0.05250894210882432), ('MKC', 0.045862692190181104), ('PLD', 0.04529350518181085), ('MNST', 0.04506901846909368), ('KMB', 0.04487394516880631)]"
2015-01-12,1,30,0.7,1.5333333333333334,0.0007666666666666667,0.30000000000000004,"[('PCAR', 0.043819713283520426), ('ATO', 0.04363842367936905), ('RJF', 0.04273725933387128), ('INTU', 0.041994856706502826), ('GPC', 0.0404458113409555), ('WAB', 0.04041038787025578), ('LUV', 0.0401343289014929), ('BK', 0.03938470293004919), ('ORLY', 0.039103762966442426), ('CSX', 0.03857756438617108)]"
2015-01-20,1,30,0.7,1.4666666666666666,0.0007333333333333333,0.30000000000000016,"[('RCL', 0.051435153222995994), ('BBY', 0.05129832118090796), ('MAR', 0.04335670858415977), ('LUV', 0.04216301054877097), ('GPC', 0.04147873581769001), ('BBWI', 0.040878658510375816), ('ABMD', 0.04055469067575899), ('AMGN', 0.040052224811067426), ('XRAY', 0.03992860657594742), ('EXPE', 0.039231483114609896)]"
2015-01-27,1,30,0.7,1.5333333333333334,0.0007666666666666667,0.30000000000000004,"[('SEE', 0.07324320541657998), ('FFIV', 0.06384365303503212), ('KLAC', 0.05829911113982635), ('EW', 0.05245125755050932), ('AMD', 0.05024872602886354), ('KMB', 0.04944474097128534), ('STT', 0.041025504674182374), ('MHK', 0.036115276852492814), ('BK', 0.03402657371456791), ('GPC', 0.03397117501802545)]"
2015-02-03,1,30,0.7,1.8,0.0009000000000000001,0.30000000000000004,"[('ABMD', 0.06860684415797397), ('BA', 0.05413433973575655), ('SEE', 0.05406174682634897), ('CL', 0.04965985499807979), ('EA', 0.04876517054972204), ('AAL', 0.04711555273677706), ('PHM', 0.04321088155205817), ('ALK', 0.04280776757153462), ('ALGN', 0.04224528947522125), ('ODFL', 0.04016319156823548)]"
2015-02-10,1,30,0.7,1.2666666666666666,0.0006333333333333333,0.29999999999999993,"[('ABMD', 0.07962924299599372), ('RL', 0.06664099837819606), ('EA', 0.05492351621226817), ('EXPE', 0.050567930533259295), ('MNST', 0.04834322711647424), ('UAL', 0.04460821208498348), ('IT', 0.04420281196154635), ('ALK', 0.041680816878306354), ('AVGO', 0.040840377608775486), ('NCLH', 0.03812371903811267)]"
2015-02-18,0,30,1.0,1.5333333333333334,0.0007666666666666667,2.220446049250313e-16,"[('EXPE', 0.06292406446925339), ('EXC', 0.05204551862076376), ('WEC', 0.05100238243877128), ('AEP', 0.049503146460465795), ('FE', 0.04892497587254773), ('XEL', 0.04699185665082987), ('LNT', 0.04684601719712468), ('PNW', 0.04633506501654259), ('AAP', 0.046217186885709284), ('IT', 0.04127909812191212)]"
2015-02-25,0,30,1.0,1.5333333333333334,0.0007666666666666667,1.1102230246251565e-16,"[('CAG', 0.05042305446081629), ('PEAK', 0.048457549910929563), ('WTW', 0.04609633164924248), ('AAP', 0.044614772755019634), ('WEC', 0.04154702405278351), ('UDR', 0.04090594601302361), ('DUK', 0.04029239139443847), ('PLD', 0.039946001640914), ('IFF', 0.038432095711137315), ('PNW', 0.03720030395360214)]"
2015-03-04,0,30,1.0,1.6666666666666667,0.0008333333333333334,0.0,"[('VRSK', 0.5), ('SYY', 0.5), ('MLM', 0.0), ('ENPH', 0.0), ('NRG', 0.0), ('UAL', 0.0), ('MNST', 0.0), ('OXY', 0.0), ('CBOE', 0.0), ('VLO', 0.0)]"
2015-03-11,1,30,0.7,1.5333333333333334,0.0007666666666666667,0.30000000000000004,"[('VNO', 1.0), ('AMD', 0.0), ('MLM', 0.0), ('FCX', 0.0), ('HES', 0.0), ('WYNN', 0.0), ('AMZN', 0.0), ('LKQ', 0.0), ('HAL', 0.0), ('MNST', 0.0)]"
2015-03-18,1,30,0.7,1.2666666666666666,0.0006333333333333333,0.30000000000000004,"[('ABMD', 0.2142857142857143), ('EA', 0.2142857142857143), ('WHR', 0.20696616977469345), ('BXP', 0.18618104504926342), ('DHI', 0.12609481862678804), ('EXR', 0.03361191492908949), ('PXD', 0.018574623048736902), ('MRO', 0.0), ('WYNN', 0.0), ('FCX', 0.0)]"
2015-03-25,1,11,0.7,3.3636363636363638,0.001681818181818182,0.30000000000000004,"[('ABMD', 0.21428571428571425), ('INCY', 0.12796265546449287), ('NFLX', 0.10570554536690169), ('AAL', 0.07945527353192319), ('ALK', 0.07734246667930494), ('IDXX', 0.07689042640608205), ('PENN', 0.07425736581979224), ('VTRS', 0.06753087917510747), ('NI', 0.06607651365283897), ('MGM', 0.05928599720261791)]"
2015-04-01,1,30,0.7,0.9,0.00045000000000000004,0.30000000000000016,"[('ABMD', 0.15442284126088507), ('LDOS', 0.06308185437836208), ('INCY', 0.06183383405852086), ('NFLX', 0.050109400251832595), ('BIIB', 0.041731071939667005), ('EA', 0.04093472414260528), ('ALK', 0.03533886717157596), ('ADI', 0.032597226106716545), ('BSX', 0.031651439409014055), ('CTSH', 0.03076066902721885)]"
2015-04-09,0,18,1.0,1.4444444444444444,0.0007222222222222222,0.0,"[('ABMD', 0.15), ('INCY', 0.11847553307864016), ('SWKS', 0.09260090636388955), ('EA', 0.05552452311224613), ('ALK', 0.054405509059184315), ('ADI', 0.05302360527698419), ('LDOS', 0.05243298625521689), ('VLO', 0.050979559497021834), ('AVGO', 0.043185798884206775), ('MLM', 0.042165284417967984)]"
2015-04-16,0,28,1.0,0.7857142857142857,0.0003928571428571429,1.1102230246251565e-16,"[('ABMD', 0.10577311333481372), ('SWKS', 0.07675323513211138), ('AAL', 0.0665789174529984), ('ON', 0.061572556077861086), ('INCY', 0.0582177670405341), ('NXPI', 0.05162572779101396), ('ENPH', 0.04354567835979088), ('EA', 0.04299451406994433), ('AVGO', 0.03858350008362506), ('LUV', 0.0375868383481309)]"
2015-04-23,0,19,1.0,1.3157894736842106,0.0006578947368421054,0.0,"[('ABMD', 0.15), ('AMD', 0.09853927196409648), ('ON', 0.08420690625023254), ('ENPH', 0.06401893834395057), ('EA', 0.05888059251628543), ('SWKS', 0.05736172131498658), ('INCY', 0.05059223534470439), ('NOW', 0.0500155626980421), ('NXPI', 0.047084478645561936), ('NFLX', 0.04451515388385717)]"
2015-04-30,0,29,1.0,0.9655172413793104,0.0004827586206896552,0.0,"[('ABMD', 0.10004280898832243), ('AMZN', 0.06801838341329525), ('TWTR', 0.0643262514141941), ('AMD', 0.06206941085363172), ('ON', 0.04729132980895803), ('CNC', 0.046208357486634266), ('IDXX', 0.043138885436148564), ('AVGO', 0.04134707312289927), ('NXPI', 0.03782542701736914), ('MOH', 0.03749677764980945)]"
2015-05-07,0,30,1.0,1.0333333333333334,0.0005166666666666667,0.0,"[('TWTR', 0.11551734709784649), ('IDXX', 0.06463738414484513), ('ON', 0.05442661917487648), ('NXPI', 0.04806741043887932), ('CRL', 0.047275304019563986), ('AVGO', 0.04163335720234635), ('WYNN', 0.04073041884335286), ('SWKS', 0.04020257825004069), ('WM', 0.03751064720298713), ('MOH', 0.03695007751147113)]"
2015-05-14,0,30,1.0,1.5333333333333334,0.0007666666666666667,1.1102230246251565e-16,"[('RMD', 0.09253915282485273), ('ABMD', 0.07276439122802657), ('ENPH', 0.06040040099490613), ('SWKS', 0.05527301967353204), ('HII', 0.049780818318531685), ('MNST', 0.04871076509848791), ('CRL', 0.047653859755895096), ('AVGO', 0.047499237048134024), ('IFF', 0.03518335777832649), ('WBD', 0.03107108105427171)]"
2015-05-21,0,13,1.0,2.5384615384615383,0.0012692307692307692,0.0,"[('RMD', 0.14999999999999997), ('UAL', 0.12241721597865385), ('MNST', 0.1021620611703419), ('LUV', 0.08726712285119528), ('AAL', 0.08538803717876071), ('ENPH', 0.0735427306195301), ('HII', 0.07093353159931168), ('TTWO', 0.07037816386495185), ('ZBRA', 0.061995312673064476), ('BBY', 0.04842233433426727)]"
2015-05-29,0,30,1.0,0.9,0.00045000000000000004,0.0,"[('TWTR', 0.15), ('BIIB', 0.15), ('TTWO', 0.15), ('UAL', 0.15), ('AAL', 0.15), ('LUV', 0.15), ('AMD', 0.10000000000000012), ('ENPH', 0.0), ('MNST', 0.0), ('INCY', 0.0)]"
2015-06-05,0,30,1.0,1.2,0.0006,0.0,"[('INCY', 0.03333333333333333), ('ENPH', 0.03333333333333333), ('AMZN', 0.03333333333333333), ('MNST', 0.03333333333333333), ('SWKS', 0.03333333333333333), ('BIIB', 0.03333333333333333), ('FANG', 0.03333333333333333), ('COP', 0.03333333333333333), ('CNC', 0.03333333333333333), ('AMD', 0.03333333333333333)]"
2015-06-12,0,29,1.0,1.4137931034482758,0.0007068965517241379,2.220446049250313e-16,"[('AMD', 0.03448275862068966), ('VRTX', 0.03448275862068966), ('INCY', 0.03448275862068966), ('AVGO', 0.03448275862068966), ('WMT', 0.03448275862068966), ('BAX', 0.03448275862068966), ('CRM', 0.03448275862068966), ('HAL', 0.03448275862068966), ('CMG', 0.03448275862068966), ('AMZN', 0.03448275862068966)]"
2015-06-19,0,30,1.0,1.3666666666666667,0.0006833333333333333,0.0,"[('HAL', 0.33333333333333337), ('MRO', 0.33333333333333337), ('FCX', 0.33333333333333337), ('ENPH', 0.0), ('AMD', 0.0), ('UAL', 0.0), ('GL', 0.0), ('VRTX', 0.0), ('HUM', 0.0), ('URI', 0.0)]"
2015-06-26,0,29,1.0,1.6206896551724137,0.0008103448275862069,2.220446049250313e-16,"[('WMB', 0.03448275862068966), ('NXPI', 0.03448275862068966), ('INCY', 0.03448275862068966), ('AVGO', 0.03448275862068966), ('TRMB', 0.03448275862068966), ('SJM', 0.03448275862068966), ('NSC', 0.03448275862068966), ('WM', 0.03448275862068966), ('MDLZ', 0.03448275862068966), ('STZ', 0.03448275862068966)]"
2015-07-06,1,30,0.7,1.3666666666666667,0.0006833333333333333,0.30000000000000016,"[('MU', 0.33333333333333337), ('ZTS', 0.33333333333333337), ('VTRS', 0.33333333333333337), ('WYNN', 0.0), ('ENPH', 0.0), ('LUV', 0.0), ('PAYC', 0.0), ('CI', 0.0), ('AAL', 0.0), ('NTAP', 0.0)]"
2015-07-13,1,20,0.7,2.3,0.00115,0.30000000000000004,"[('NFLX', 0.1662498459011226), ('MU', 0.07425811161433898), ('ABMD', 0.07005696027781692), ('AOS', 0.06077576632571349), ('NEM', 0.05098927530009347), ('AMZN', 0.048396773710137966), ('APTV', 0.04771918043649452), ('CTRA', 0.042895740401718646), ('LYB', 0.042191991525719764), ('NTRS', 0.04054274219443864)]"
2015-07-20,1,30,0.7,1.4,0.0007,0.29999999999999993,"[('NFLX', 0.10928766410667555), ('GOOGL', 0.061976527865950065), ('GOOG', 0.05440354038050466), ('PAYC', 0.05401240349705034), ('ENPH', 0.042823475883797237), ('CMA', 0.040277774500509615), ('SWKS', 0.03829126114740066), ('ZION', 0.036493770549811365), ('C', 0.03464610355618453), ('NXPI', 0.03338148372597926)]"
2015-07-27,1,30,0.7,1.5333333333333334,0.0007666666666666667,0.30000000000000027,"[('COF', 0.08145914852070307), ('URI', 0.06020277232606533), ('FCX', 0.05170197884032233), ('ADI', 0.04408298999935188), ('CE', 0.0426554660659779), ('TXT', 0.041589978951565125), ('PPG', 0.04083593823389568), ('APA', 0.038751917388929094), ('HAS', 0.0378546428754845), ('CTRA', 0.03588295515599789)]"
2015-08-03,0,30,1.0,1.8,0.0009000000000000001,0.0,"[('VTRS', 0.0810878939911752), ('URI', 0.0662725597818784), ('TT', 0.05097085675772536), ('CI', 0.049834976926401674), ('CDNS', 0.04722586045055167), ('GS', 0.04527874778728114), ('HUM', 0.044247423708281546), ('CNC', 0.03787121223748032), ('BBWI', 0.0374983669019108), ('FITB', 0.037385053611943365)]"
2015-08-10,0,30,1.0,1.6666666666666667,0.0008333333333333334,0.0,"[('GNRC', 0.05990629706532509), ('TRMB', 0.05953741402674275), ('DIS', 0.05844134629627803), ('MOH', 0.05694121550667582), ('INCY', 0.053029428314641865), ('EPAM', 0.04565959480991561), ('GILD', 0.04514442038332187), ('MTCH', 0.04340853591935408), ('HUM', 0.04143321399765957), ('PAYC', 0.03965003726013537)]"
2015-08-17,0,29,1.0,1.5517241379310345,0.0007758620689655172,0.0,"[('ZBRA', 0.09399595572632789), ('MNST', 0.05426083861706283), ('CMCSA', 0.047681374948043385), ('NCLH', 0.04680114649238138), ('DVA', 0.04415481596407133), ('EW', 0.0433528115188191), ('TGT', 0.043261442543347246), ('AAP', 0.04308999534640799), ('INCY', 0.04157971023029827), ('EPAM', 0.0391756298596769)]"
2015-08-24,2,30,0.4,1.5666666666666667,0.0007833333333333334,0.5999999999999999,"[('ZBRA', 0.06209161287465318), ('INTU', 0.052449164101111216), ('GS', 0.04329207693298877), ('BIO', 0.04224729219391465), ('WBA', 0.03992804350584733), ('ZION', 0.03978610961230496), ('SWKS', 0.03905175360466743), ('SIVB', 0.03821828108672978), ('FRC', 0.038040815388967794), ('GILD', 0.03681395936032859)]"
2015-08-31,2,30,0.4,1.9333333333333333,0.0009666666666666667,0.5999999999999999,"[('ABT', 0.0370629232251293), ('WFC', 0.03643589048339134), ('CPT', 0.03623382400948336), ('AON', 0.03602463191019558), ('RE', 0.03535946781909058), ('KMB', 0.03514602111623591), ('WST', 0.03513006743919312), ('PLD', 0.03509772122594925), ('UDR', 0.03472565586368966), ('ACN', 0.034653112089621865)]"
2015-09-08,2,30,0.4,1.8666666666666667,0.0009333333333333333,0.6000000000000001,"[('CAG', 0.040613143443959596), ('DXCM', 0.0404377407760687), ('NFLX', 0.04014695171230975), ('ABBV', 0.03835824949630348), ('TYL', 0.037779545797098406), ('MCO', 0.03598268679727789), ('AMZN', 0.03566113182769895), ('EXPE', 0.03555471330697325), ('DG', 0.035491845016576845), ('ES', 0.03506492617814337)]"
2015-09-15,2,28,0.4,1.5,0.00075,0.6,"[('DXCM', 0.0472581110311183), ('REGN', 0.04635684370616225), ('EA', 0.04419252100443935), ('LHX', 0.04415284770452138), ('NFLX', 0.04347412391936007), ('MDT', 0.041605206717603635), ('UHS', 0.04099592589583824), ('PVH', 0.04023091368176076), ('TTWO', 0.03938389726474657), ('KIM', 0.039353515405130775)]"
2015-09-22,2,30,0.4,1.5333333333333334,0.0007666666666666667,0.6,"[('TAP', 0.0494912243507812), ('LKQ', 0.04717116037892637), ('LHX', 0.04280948690007412), ('SNA', 0.04196154314330035), ('PENN', 0.041094516448008), ('VRTX', 0.03910633562487621), ('PFE', 0.03851448041943118), ('GL', 0.038445684561158565), ('NRG', 0.03762600544145538), ('V', 0.03634028451239182)]"
2015-09-29,2,29,0.4,1.4827586206896552,0.0007413793103448277,0.6000000000000001,"[('NFLX', 0.0601112026789996), ('DXCM', 0.054649028834625524), ('WYNN', 0.04856156843632099), ('PENN', 0.04562029900803773), ('MHK', 0.04484956113943814), ('CNC', 0.0445088131958575), ('HCA', 0.04369854937602077), ('MU', 0.03983390330558927), ('VTRS', 0.03844316467933184), ('ILMN', 0.038192561714242734)]"
2015-10-06,1,29,0.7,1.5172413793103448,0.0007586206896551724,0.30000000000000004,"[('DXCM', 0.0536644040555066), ('INCY', 0.04980102073140898), ('CMG', 0.048764697386606035), ('MU', 0.04844694296569896), ('MKC', 0.045508103489059704), ('EBAY', 0.04419042491490177), ('MOH', 0.04362837742181747), ('NFLX', 0.04361915453079059), ('FTNT', 0.0433114245388658), ('UAL', 0.0404823949483673)]"
2015-10-13,1,30,0.7,1.7666666666666666,0.0008833333333333333,0.30000000000000016,"[('YUM', 0.09201763229327019), ('ABMD', 0.06264232352138101), ('ALK', 0.05309592914287724), ('TTWO', 0.04282164325408674), ('TFX', 0.04078260558964494), ('WYNN', 0.039126114726055004), ('IQV', 0.03630869156820338), ('FFIV', 0.03619420090757367), ('GNRC', 0.03595166492264234), ('FTNT', 0.03595051359052904)]"
2015-10-20,1,29,0.7,1.6206896551724137,0.0008103448275862069,0.29999999999999993,"[('YUM', 0.08351871686877785), ('GRMN', 0.06550815925253067), ('WMT', 0.06545748504089975), ('TAP', 0.05485391806735401), ('ALK', 0.05055801200138656), ('SEE', 0.04303812692579631), ('CMG', 0.042573854161088914), ('EBAY', 0.039345424038416434), ('DRI', 0.03888869136991338), ('PWR', 0.03714521150037464)]"
2015-10-27,1,28,0.7,1.5357142857142858,0.0007678571428571429,0.30000000000000016,"[('FTNT', 0.0758130629023475), ('PWR', 0.07356547202026135), ('DXCM', 0.06241068685626668), ('HUM', 0.05510251632711627), ('MCD', 0.05475432179469438), ('TAP', 0.04477572199822501), ('POOL', 0.04399221003402916), ('CMG', 0.04107315399474358), ('SEE', 0.04019738541230173), ('PAYC', 0.039158823415521946)]"
2015-11-03,1,29,0.7,1.2758620689655173,0.0006379310344827587,0.30000000000000004,"[('FTNT', 0.07811891012599961), ('HUM', 0.05961891540320874), ('ABMD', 0.056409837692626544), ('CI', 0.05277764620662078), ('POOL', 0.05266670764192599), ('LDOS', 0.051574697695440014), ('NDAQ', 0.04707295255835253), ('MOH', 0.04369094670608058), ('TXN', 0.04177938745274121), ('KDP', 0.04078831086591646)]"
2015-11-10,1,30,0.7,1.5666666666666667,0.0007833333333333334,0.29999999999999993,"[('ABMD', 0.08581763694443272), ('FIS', 0.07576636053852186), ('NXPI', 0.06375394993691719), ('NVDA', 0.05715730843584458), ('LDOS', 0.05309610721485694), ('IRM', 0.04525555067722744), ('TRMB', 0.04275563944486031), ('TYL', 0.038378144183887956), ('ATVI', 0.038307691672637534), ('LNT', 0.03671666136373758)]"
2015-11-17,1,29,0.7,1.3448275862068966,0.0006724137931034483,0.30000000000000027,"[('AAP', 0.08124391503993225), ('NVDA', 0.07172850170656828), ('VTR', 0.06399734591941655), ('BBWI', 0.06369722013100684), ('EPAM', 0.0497311646431089), ('ZBRA', 0.047503163668396145), ('BBY', 0.04736491635110366), ('SEE', 0.04375776901110312), ('CMG', 0.037081475355077255), ('AMD', 0.035023940805745044)]"
2015-11-24,1,29,0.7,1.5862068965517242,0.0007931034482758621,0.30000000000000004,"[('CTXS', 0.05944375300652115), ('CMCSA', 0.04898919413975973), ('BBWI', 0.04839496263027219), ('CSCO', 0.047912302682287335), ('ZBRA', 0.04436157289383939), ('DXC', 0.04306648498305812), ('MKC', 0.04267025999851932), ('TWTR', 0.04093039881872986), ('GIS', 0.040379446176621946), ('PENN', 0.037656118046073016)]"
2015-12-02,1,24,0.7,1.9583333333333333,0.0009791666666666666,0.29999999999999993,"[('CTXS', 0.06432131547166463), ('SNPS', 0.05915114857122388), ('PEP', 0.04857202673055248), ('KO', 0.04805851136257211), ('CINF', 0.04733719827711758), ('RSG', 0.047203643402508176), ('CMG', 0.04677391471754929), ('KMB', 0.044905800760605574), ('TRV', 0.04317950649193936), ('UDR', 0.04094841112586156)]"
2015-12-09,1,30,0.7,1.6666666666666667,0.0008333333333333334,0.30000000000000016,"[('FRT', 0.0562379122184875), ('KIM', 0.05212330524382293), ('DLR', 0.04685198718747755), ('XEL', 0.0464747933441649), ('PGR', 0.04632476731909291), ('PPL', 0.04323014818382293), ('AEE', 0.04269508672754067), ('STE', 0.0422551576509518), ('ADBE', 0.039998271743395285), ('CTAS', 0.03680006465851223)]"
2015-12-16,1,30,0.7,1.6,0.0008,0.30000000000000016,"[('LUV', 0.0701032909931559), ('AZO', 0.05474115023752559), ('BR', 0.05267450257678678), ('AIZ', 0.046729825536292784), ('XEL', 0.04623915792011019), ('SBUX', 0.04406849734730445), ('CMS', 0.04369840294381453), ('PGR', 0.04352290988105518), ('ORLY', 0.04322710886139081), ('MPC', 0.03886970266881464)]"
2015-12-23,1,30,0.7,1.4666666666666666,0.0007333333333333333,0.29999999999999993,"[('PPL', 0.055764725942367685), ('NDSN', 0.054239905537668456), ('PARA', 0.052028700222574734), ('LUMN', 0.05002467361606983), ('BEN', 0.04906893272738396), ('LUV', 0.0473076088263255), ('SRE', 0.04114669929841316), ('RTX', 0.040249766117566206), ('MPC', 0.03823746086157423), ('VMC', 0.03690122538252913)]"
2015-12-31,1,30,0.7,1.5333333333333334,0.0007666666666666667,0.30000000000000027,"[('GPN', 0.0592814569722046), ('LOW', 0.05147455887491016), ('NOC', 0.04910981420435438), ('LUV', 0.04597711170950143), ('NVDA', 0.04216180106079507), ('PARA', 0.04194586825222533), ('VMC', 0.04113053605101589), ('BKNG', 0.03958149516644047), ('BF-B', 0.03837328255785985), ('PPG', 0.03671694809315518)]"
2016-01-08,2,30,0.4,1.7333333333333334,0.0008666666666666667,0.6000000000000001,"[('AMZN', 0.07965842028354131), ('LDOS', 0.0680232858407577), ('VRSN', 0.06723492011174766), ('NVDA', 0.06437280861450206), ('LUV', 0.05653212562748331), ('ATVI', 0.048369250336979024), ('MGM', 0.04751451393768477), ('NTAP', 0.04716553779977963), ('GPN', 0.039049749551579194), ('TYL', 0.037529653361948294)]"
2016-01-15,2,30,0.4,1.2,0.0006,0.5999999999999999,"[('AMZN', 0.06634906350545397), ('VRSN', 0.06342291676556168), ('NVDA', 0.0558715790637355), ('GE', 0.05041699532320149), ('MSCI', 0.04938367590450785), ('VLO', 0.047154324473149475), ('WTW', 0.045825722361756416), ('EXPE', 0.041962405442228436), ('ACN', 0.04092628468200475), ('BIIB', 0.04031449978884964)]"
2016-01-25,2,30,0.4,1.6666666666666667,0.0008333333333333334,0.6,"[('NVDA', 0.0563785492305355), ('AMZN', 0.05294075327688056), ('AXP', 0.04876324590308144), ('TDY', 0.04567264179877116), ('NOW', 0.0455276491618002), ('DISH', 0.0417947879710332), ('NTAP', 0.03991655311540365), ('UNP', 0.03738077631292854), ('BIIB', 0.03726813961397688), ('GWW', 0.03573248157637544)]"
2016-02-01,2,30,0.4,1.5333333333333334,0.0007666666666666667,0.6000000000000001,"[('LDOS', 0.04371899221471385), ('NVDA', 0.04270455098824198), ('EBAY', 0.04113974697009442), ('ATVI', 0.040672500951649614), ('EXPE', 0.040095775382189926), ('TXT', 0.03973872216512308), ('GNRC', 0.03876464723829242), ('PKG', 0.037458810152163735), ('VTRS', 0.03658138080231064), ('STT', 0.03617399024030439)]"
2016-02-08,2,30,0.4,1.6666666666666667,0.0008333333333333334,0.6000000000000001,"[('RL', 0.043417122153301894), ('NVDA', 0.04285303422910269), ('CRM', 0.04096863950326787), ('EPAM', 0.04029683929672649), ('TXT', 0.04002028866071764), ('AMZN', 0.039839737251192886), ('RCL', 0.03729987558088493), ('LYV', 0.03549764135872071), ('CCL', 0.03549125829535048), ('EXPE', 0.034930460058575113)]"
2016-02-16,2,30,0.4,1.6,0.0008,0.5999999999999999,"[('AIZ', 0.04527875877609959), ('ATVI', 0.04070040531692842), ('VTR', 0.039944324768756395), ('PWR', 0.03893742884274106), ('WELL', 0.037447775366779415), ('ON', 0.03722445561293729), ('ADM', 0.03706045924781478), ('FMC', 0.036252922501437294), ('ZBRA', 0.035796444798625184), ('PRU', 0.0357316714191092)]"
2016-02-23,2,30,0.4,1.8,0.0009000000000000001,0.6,"[('TYL', 0.04879932529053837), ('IFF', 0.041389719238960766), ('ISRG', 0.04123175972257797), ('RE', 0.04107709778466026), ('HRL', 0.04103407732761), ('PG', 0.040073785533104145), ('TSN', 0.0399934703821443), ('CI', 0.03977568330105956), ('AWK', 0.03958648501005616), ('CB', 0.03946667642392864)]"
2016-03-01,2,30,0.4,1.7333333333333334,0.0008666666666666667,0.6000000000000001,"[('HRL', 0.05256067222040555), ('CLX', 0.04894055802498754), ('ZBRA', 0.04871078093335135), ('MAA', 0.04599585347686773), ('HSIC', 0.043847956552860105), ('INTU', 0.043526843384340985), ('HUM', 0.04220408323404012), ('MCK', 0.03873407232530084), ('TMUS', 0.038350734276210406), ('BSX', 0.036650868898251004)]"
2016-03-08,2,30,0.4,1.6,0.0008,0.5999999999999999,"[('KDP', 0.06065112956913876), ('MAA', 0.057600019593225915), ('ALB', 0.04834754324460834), ('DLTR', 0.04528040528270081), ('TSN', 0.045115233930749836), ('TSCO', 0.045030072374319184), ('ZTS', 0.04425829067345815), ('LHX', 0.0415118290610255), ('RTX', 0.04133267006244368), ('HRL', 0.0410252514279548)]"
2016-03-15,2,30,0.4,1.9333333333333333,0.0009666666666666667,0.5999999999999999,"[('D', 0.05891804386000938), ('KIM', 0.05574526915455905), ('NI', 0.04982108578899061), ('UDR', 0.049439444745823936), ('PPL', 0.04798166051898083), ('EIX', 0.046626267407930556), ('CB', 0.04630883754076849), ('PGR', 0.04445238508345537), ('EVRG', 0.04402643288639095), ('MAA', 0.037877699444834115)]"
2016-03-22,1,17,0.7,2.5294117647058822,0.0012647058823529412,0.30000000000000004,"[('T', 0.08523973542138574), ('RE', 0.08256068752794189), ('D', 0.06798323056765614), ('GIS', 0.06744657929643855), ('KO', 0.059674549061280224), ('SYK', 0.05788859820645266), ('PEG', 0.05761412237627115), ('PEP', 0.05565426451273453), ('NLSN', 0.05535754146786185), ('KDP', 0.05354363344432024)]"
2016-03-30,1,29,0.7,1.5862068965517242,0.0007931034482758621,0.2999999999999997,"[('FCX', 0.03448275862068964), ('WMB', 0.03448275862068964), ('COP', 0.03448275862068964), ('ENPH', 0.03448275862068964), ('MPC', 0.03448275862068964), ('OKE', 0.03448275862068964), ('NOW', 0.03448275862068964), ('DXC', 0.03448275862068964), ('HES', 0.03448275862068964), ('MCK', 0.03448275862068964)]"
2016-04-06,1,30,0.7,1.2333333333333334,0.0006166666666666667,0.30000000000000016,"[('ENPH', 0.03333333333333334), ('WYNN', 0.03333333333333334), ('BWA', 0.03333333333333334), ('COP', 0.03333333333333334), ('ZTS', 0.03333333333333334), ('WMB', 0.03333333333333334), ('TWTR', 0.03333333333333334), ('NEM', 0.03333333333333334), ('MRO', 0.03333333333333334), ('ABBV', 0.03333333333333334)]"
2016-04-13,1,30,0.7,1.7333333333333334,0.0008666666666666667,0.30000000000000016,"[('CTRA', 0.03333333333333334), ('DVN', 0.03333333333333334), ('ILMN', 0.03333333333333334), ('DISH', 0.03333333333333334), ('VTRS', 0.03333333333333334), ('BIIB', 0.03333333333333334), ('BWA', 0.03333333333333334), ('STX', 0.03333333333333334), ('URI', 0.03333333333333334), ('SCHW', 0.03333333333333334)]"
2016-04-20,1,28,0.7,1.5,0.00075,0.29999999999999993,"[('OKE', 0.035714285714285705), ('INCY', 0.035714285714285705), ('APA', 0.035714285714285705), ('CTRA', 0.035714285714285705), ('HES', 0.035714285714285705), ('COP', 0.035714285714285705), ('NRG', 0.035714285714285705), ('TWTR', 0.035714285714285705), ('MCK', 0.035714285714285705), ('RF', 0.035714285714285705)]"
2016-04-27,1,28,0.7,1.2142857142857142,0.0006071428571428571,0.29999999999999993,"[('OKE', 0.035714285714285705), ('HES', 0.035714285714285705), ('AMD', 0.035714285714285705), ('CF', 0.035714285714285705), ('CMG', 0.035714285714285705), ('TWTR', 0.035714285714285705), ('DISH', 0.035714285714285705), ('ATVI', 0.035714285714285705), ('NOW', 0.035714285714285705), ('CTRA', 0.035714285714285705)]"
2016-05-04,1,18,0.7,2.5555555555555554,0.0012777777777777776,0.30000000000000004,"[('MOH', 0.07606828702798271), ('RE', 0.06775597681356539), ('EL', 0.06594124475687611), ('DPZ', 0.0657101200775274), ('KO', 0.06554765741310999), ('GIS', 0.06530722513571871), ('CHRW', 0.062571618736491), ('TRV', 0.05855416574294622), ('WRB', 0.053033746984235616), ('KMB', 0.05290616200952277)]"
2016-05-11,1,30,0.7,1.4666666666666666,0.0007333333333333333,0.30000000000000004,"[('DPZ', 0.06376016243218649), ('ABMD', 0.050978045932461184), ('MSI', 0.04711241815016225), ('BKNG', 0.04367108181072934), ('FE', 0.042862766865474876), ('MOH', 0.040802533729970274), ('CTLT', 0.03920527885033583), ('ZBRA', 0.037681507686402646), ('DRI', 0.03727467591120269), ('VRSN', 0.03620149791861169)]"
2016-05-18,1,30,0.7,1.7333333333333334,0.0008666666666666667,0.30000000000000004,"[('DG', 0.05587338730887603), ('TJX', 0.053462019169555064), ('AAP', 0.05005620031868214), ('SPG', 0.04967385944974446), ('ULTA', 0.04889458039813624), ('TSN', 0.047195016449798406), ('BBWI', 0.04698946923498088), ('DRI', 0.046407283490466855), ('ORLY', 0.03608517418480242), ('WHR', 0.0358805215723715)]"
2016-05-25,1,30,0.7,1.4666666666666666,0.0007333333333333333,0.29999999999999993,"[('HRL', 0.06662937860601488), ('CPB', 0.056852314023852414), ('CHTR', 0.051118025520744306), ('TSN', 0.04798253410534686), ('K', 0.045903730149331703), ('TGT', 0.044157044844481734), ('DG', 0.041449273017086605), ('TJX', 0.03880329719124948), ('DRI', 0.03654569888052552), ('VZ', 0.03319649148354271)]"
2016-06-02,0,29,1.0,1.896551724137931,0.0009482758620689655,0.0,"[('CPB', 1.0), ('MTCH', 0.0), ('DXC', 0.0), ('QRVO', 0.0), ('RCL', 0.0), ('DLTR', 0.0), ('AKAM', 0.0), ('RL', 0.0), ('CTRA', 0.0), ('COP', 0.0)]"
2016-06-09,0,29,1.0,1.3793103448275863,0.0006896551724137932,2.220446049250313e-16,"[('KMI', 0.03448275862068966), ('DVN', 0.03448275862068966), ('TSN', 0.03448275862068966), ('WDC', 0.03448275862068966), ('CPRT', 0.03448275862068966), ('ALK', 0.03448275862068966), ('RCL', 0.03448275862068966), ('PENN', 0.03448275862068966), ('DLR', 0.03448275862068966), ('AZO', 0.03448275862068966)]"
2016-06-16,0,30,1.0,1.5666666666666667,0.0007833333333333334,0.0,"[('MSI', 1.0), ('MU', 0.0), ('CHTR', 0.0), ('UAL', 0.0), ('TSN', 0.0), ('TWTR', 0.0), ('MOS', 0.0), ('DISH', 0.0), ('SYF', 0.0), ('NOW', 0.0)]"
2016-06-23,0,30,1.0,1.3333333333333333,0.0006666666666666666,0.0,"[('HAS', 1.0), ('SEDG', 0.0), ('ENPH', 0.0), ('KMI', 0.0), ('TWTR', 0.0), ('INCY', 0.0), ('NFLX', 0.0), ('IRM', 0.0), ('AMD', 0.0), ('MRO', 0.0)]"
2016-06-30,1,30,0.7,1.5333333333333334,0.0007666666666666667,0.30000000000000016,"[('KMI', 0.060456333329421255), ('GPN', 0.05684373183202484), ('BKNG', 0.050443408906815465), ('MHK', 0.04510557308898923), ('JNPR', 0.04286237614996161), ('ADSK', 0.04279010533128103), ('ORCL', 0.04166835252202371), ('EPAM', 0.03979579026175302), ('NOW', 0.038365733961436374), ('ZBRA', 0.03749493398370549)]"
2016-07-08,1,29,0.7,1.4827586206896552,0.0007413793103448277,0.30000000000000004,"[('FMC', 0.0548749253338216), ('FANG', 0.054213572090135095), ('KMI', 0.04858981550324378), ('APA', 0.046581026230914147), ('TSCO', 0.04629825681495808), ('HES', 0.04430822042998282), ('VRSN', 0.04320147420479013), ('MS', 0.042996862490690395), ('BKR', 0.042185582187472474), ('APTV', 0.03783448839190291)]"
2016-07-15,1,30,0.7,1.6333333333333333,0.0008166666666666667,0.30000000000000004,"[('HSY', 0.06680428975392518), ('IRM', 0.055565367234552195), ('JCI', 0.04961073034771994), ('FAST', 0.04951590002452877), ('APA', 0.044824703670041016), ('BRO', 0.04447158682190325), ('DD', 0.04107716174885625), ('GIS', 0.0403175061240175), ('GL', 0.03899058579881971), ('CB', 0.03861494370253902)]"
2016-07-22,1,30,0.7,1.5333333333333334,0.0007666666666666667,0.30000000000000004,"[('AMD', 0.08533688658209534), ('FAST', 0.054025343329868816), ('IRM', 0.05342617137346822), ('NUE', 0.05056447221392486), ('LUV', 0.04839884098537629), ('APD', 0.04448383674776974), ('DRE', 0.04268445691842765), ('MRO', 0.04097846972405212), ('APA', 0.03873891245464302), ('MCHP', 0.03611130278092157)]"
2016-07-29,0,30,1.0,1.8666666666666667,0.0009333333333333333,0.0,"[('AMD', 0.15), ('NVDA', 0.0575464467557918), ('CDNS', 0.05069591539616928), ('OKE', 0.050181095992792614), ('AKAM', 0.048703529536747295), ('URI', 0.0479525038349717), ('MLM', 0.036234830773007404), ('KO', 0.03369173998655866), ('CHRW', 0.033596245890400514), ('PAYC', 0.03173148380291283)]"
2016-08-05,0,30,1.0,1.5333333333333334,0.0007666666666666667,1.1102230246251565e-16,"[('AMD', 0.12959639870007886), ('NVDA', 0.08566875234267593), ('QRVO', 0.05128978204233869), ('MLM', 0.04360143446311082), ('ADP', 0.038772544612090495), ('FCX', 0.03435979714872597), ('FISV', 0.03336105791952268), ('XOM', 0.032717625259933776), ('MOH', 0.029365567650724393), ('MRO', 0.02903949851126977)]"
2016-08-12,0,30,1.0,1.5333333333333334,0.0007666666666666667,1.1102230246251565e-16,"[('AMD', 0.11029702822528857), ('FCX', 0.09846324896704402), ('OKE', 0.0941290117738002), ('PAYC', 0.08061274727255952), ('DXC', 0.05214078425586376), ('BMY', 0.039219190087136875), ('DHI', 0.03366639231959439), ('LRCX', 0.032481490103116586), ('TSLA', 0.03076094648185571), ('APA', 0.030423734616421005)]"
2016-08-19,0,18,1.0,1.8888888888888888,0.0009444444444444445,0.0,"[('AMD', 0.15), ('MRO', 0.15), ('DVN', 0.10902933745700934), ('OKE', 0.08891270783364026), ('DXC', 0.07535772674089625), ('KLAC', 0.05505626428544456), ('PKG', 0.05419242361299661), ('ULTA', 0.04658407952538659), ('URI', 0.03427492436919713), ('WY', 0.03375934905580902)]"
2016-08-26,0,30,1.0,1.6,0.0008,0.0,"[('DG', 1.0), ('ENPH', 0.0), ('ZBRA', 0.0), ('CTLT', 0.0), ('SYF', 0.0), ('MOH', 0.0), ('NFLX', 0.0), ('FCX', 0.0), ('HIG', 0.0), ('TAP', 0.0)]"
2016-09-02,0,30,1.0,1.3333333333333333,0.0006666666666666666,0.0,"[('AMD', 0.5), ('DG', 0.5), ('EPAM', 0.0), ('SYF', 0.0), ('LUV', 0.0), ('SEDG', 0.0), ('FFIV', 0.0), ('BMY', 0.0), ('DVA', 0.0), ('BKNG', 0.0)]"
2016-09-12,1,30,0.7,1.8,0.0009000000000000001,0.30000000000000004,"[('AWK', 0.2142857142857143), ('FBHS', 0.2142857142857143), ('MAS', 0.1874182709809793), ('STZ', 0.17798908152001558), ('NEM', 0.10707143211204388), ('KMX', 0.06485118793339927), ('NWL', 0.03409859888213339), ('STX', 0.0), ('NCLH', 0.0), ('STT', 0.0)]"
2016-09-19,1,10,0.7,3.8,0.0019,0.30000000000000004,"[('NVDA', 0.146764420141524), ('FBHS', 0.11029306392360852), ('MCK', 0.10845536011897333), ('MO', 0.10009913731995151), ('GIS', 0.099977887724205), ('AMZN', 0.09439049717842983), ('AMD', 0.09226626089211823), ('AMT', 0.08872349271341386), ('HII', 0.07961777235406788), ('SYY', 0.07941210763370785)]"
2016-09-26,1,26,0.7,1.0769230769230769,0.0005384615384615384,0.30000000000000016,"[('AMD', 0.07828107945234235), ('WMB', 0.06821019883517106), ('WST', 0.060595628436346034), ('MCK', 0.051688078935030184), ('HII', 0.050414256014197446), ('VRTX', 0.04982213157639526), ('NVDA', 0.04155293230388371), ('ANET', 0.03975976296793952), ('BIIB', 0.03861978819098482), ('ICE', 0.03842725574307935)]"
2016-10-03,1,30,0.7,1.4666666666666666,0.0007333333333333333,0.2999999999999998,"[('HII', 0.05682736156907172), ('DVN', 0.053997969394941), ('CTSH', 0.05323024808847192), ('NXPI', 0.05058178479555902), ('NEM', 0.05028578703425712), ('NVDA', 0.04834520276293484), ('RF', 0.04294761274974884), ('JNJ', 0.040636840264580976), ('AMGN', 0.03952242485720108), ('MSCI', 0.039277954453960796)]"
2016-10-10,1,28,0.7,1.5714285714285714,0.0007857142857142857,0.30000000000000004,"[('AMD', 0.12485792659936516), ('FDS', 0.05221001855379888), ('HON', 0.04980884701394946), ('TSN', 0.04916774152678313), ('DLTR', 0.04492907195386336), ('ETSY', 0.043932630761473315), ('WMB', 0.04372994048714057), ('ICE', 0.0413972200394104), ('HUM', 0.037334371099575776), ('CTAS', 0.035596408315047914)]"
2016-10-17,1,30,0.7,1.6666666666666667,0.0008333333333333334,0.30000000000000004,"[('DG', 0.2142857142857143), ('AMD', 0.2142857142857143), ('BALL', 0.1702776072346537), ('DRE', 0.13872825735749458), ('ETSY', 0.07513889629006218), ('AVY', 0.07407342860121495), ('FIS', 0.06595730003015328), ('NLOK', 0.023365425161067672), ('ORLY', 0.022326517536660734), ('OMC', 0.001561139217264373)]"
2016-10-24,1,12,0.7,3.3333333333333335,0.0016666666666666668,0.29999999999999993,"[('ILMN', 0.16746877738440588), ('AIZ', 0.1120972845913653), ('NFLX', 0.08503865370073235), ('GIS', 0.08241192040035632), ('ETSY', 0.07668644880839132), ('VZ', 0.07486140055022512), ('T', 0.0713765452833343), ('GPC', 0.070223216756699), ('ICE', 0.06730273312798203), ('IDXX', 0.06710037284557742)]"
2016-10-31,1,30,0.7,1.2,0.0006,0.30000000000000016,"[('EW', 0.07235157626506454), ('NLSN', 0.07140205789718881), ('STX', 0.07085445428015309), ('TFX', 0.06567751338082581), ('WAT', 0.05284660454084634), ('ABMD', 0.04022543654311445), ('SHW', 0.03899378772112403), ('NLOK', 0.0380981187901376), ('AMGN', 0.03784007988954876), ('IDXX', 0.03728698325218211)]"
2016-11-07,1,30,0.7,1.6666666666666667,0.0008333333333333334,0.2999999999999997,"[('STX', 0.06228393600592641), ('EW', 0.05770470057885012), ('NLOK', 0.052982187318069585), ('NTAP', 0.05066449870361596), ('NVDA', 0.04953995160375743), ('ZBH', 0.048880329996411696), ('LUMN', 0.04702967443978066), ('WDC', 0.04620791696990807), ('ETSY', 0.0445316494219809), ('MU', 0.04416359643424689)]"
2016-11-14,0,29,1.0,1.6896551724137931,0.0008448275862068966,0.0,"[('MOH', 0.0542087188460131), ('NLOK', 0.04728471961026291), ('FLT', 0.04598824886144948), ('ETSY', 0.0453552825650143), ('LUMN', 0.044075246828118204), ('EFX', 0.042334333876407094), ('TSN', 0.04142683913136751), ('KHC', 0.04043209477437496), ('IFF', 0.03984962762820763), ('QRVO', 0.039766913871561144)]"
2016-11-21,0,30,1.0,1.5666666666666667,0.0007833333333333334,0.0,"[('NVDA', 0.06404328223158778), ('HCA', 0.05584342387136748), ('NEM', 0.04665953936969878), ('CVS', 0.04550145641410693), ('SJM', 0.04267900080867919), ('PFE', 0.04254688311459232), ('NWL', 0.041983288649947055), ('ES', 0.04168953185534592), ('EMR', 0.038300046195259715), ('CSX', 0.03829967376947355)]"
2016-11-29,0,30,1.0,1.8,0.0009000000000000001,0.0,"[('TSN', 0.08224394383722734), ('PYPL', 0.05271432997991299), ('LLY', 0.05265476834009931), ('WAT', 0.04867242492906299), ('NLOK', 0.04710562348641507), ('DPZ', 0.046357261183747674), ('BBY', 0.0458144330252896), ('TMO', 0.04444087083344554), ('NEM', 0.04251409753362677), ('EBAY', 0.042276945155540355)]"
2016-12-06,0,30,1.0,1.6666666666666667,0.0008333333333333334,1.1102230246251565e-16,"[('TSN', 0.0795689486838763), ('NLOK', 0.05129958443623577), ('EW', 0.04459420980000151), ('PYPL', 0.042318270904615214), ('ISRG', 0.04137361746924176), ('ABMD', 0.040421152846548604), ('DG', 0.040279382570023205), ('ON', 0.039534751201873816), ('STZ', 0.03781280055233722), ('O', 0.03760913528954924)]"
2016-12-13,0,30,1.0,2.0,0.001,0.0,"[('LVS', 0.05866733291048878), ('AMD', 0.056154802890501225), ('STX', 0.05389318978495804), ('ODFL', 0.04642434304133713), ('AKAM', 0.04205087002894204), ('SWKS', 0.03769491364772499), ('QCOM', 0.03716002023549342), ('TER', 0.03524701210660215), ('ADSK', 0.034889088812296576), ('PVH', 0.03389656793044364)]"
2016-12-20,0,30,1.0,1.8666666666666667,0.0009333333333333333,0.0,"[('EVRG', 0.33333333333333337), ('SPGI', 0.33333333333333337), ('NXPI', 0.33333333333333337), ('TTWO', 0.0), ('ABMD', 0.0), ('DXCM', 0.0), ('MOS', 0.0), ('ENPH', 0.0), ('NLSN', 0.0), ('VZ', 0.0)]"
2016-12-28,0,25,1.0,2.04,0.00102,1.1102230246251565e-16,"[('AAL', 0.0833644787159497), ('UAL', 0.08092528843819283), ('SIVB', 0.06295082930966368), ('LNC', 0.055471963339677154), ('MET', 0.05503947938690256), ('ALK', 0.053673081936136735), ('CFG', 0.04862577957149188), ('NXPI', 0.04298051087422847), ('STT', 0.04065453995849765), ('SCHW', 0.040028187917522946)]"
2017-01-05,0,30,1.0,1.7666666666666666,0.0008833333333333333,0.0,"[('ETSY', 0.03333333333333333), ('DXCM', 0.03333333333333333), ('ENPH', 0.03333333333333333), ('AMD', 0.03333333333333333), ('CNC', 0.03333333333333333), ('KMB', 0.03333333333333333), ('CCI', 0.03333333333333333), ('MOH', 0.03333333333333333), ('CTSH', 0.03333333333333333), ('AMAT', 0.03333333333333333)]"
2017-01-12,0,30,1.0,1.4666666666666666,0.0007333333333333333,0.0,"[('ETSY', 0.03333333333333333), ('PXD', 0.03333333333333333), ('AMD', 0.03333333333333333), ('EPAM', 0.03333333333333333), ('PPG', 0.03333333333333333), ('NVDA', 0.03333333333333333), ('NXPI', 0.03333333333333333), ('ILMN', 0.03333333333333333), ('RL', 0.03333333333333333), ('BIIB', 0.03333333333333333)]"
2017-01-20,0,30,1.0,1.4666666666666666,0.0007333333333333333,0.0,"[('KEY', 1.0), ('FCX', 0.0), ('RF', 0.0), ('ADSK', 0.0), ('IT', 0.0), ('DXCM', 0.0), ('QCOM', 0.0), ('MU', 0.0), ('KMB', 0.0), ('BSX', 0.0)]"
2017-01-27,0,30,1.0,1.6666666666666667,0.0008333333333333334,0.0,"[('CSX', 0.33333333333333337), ('RF', 0.33333333333333337), ('ANET', 0.33333333333333337), ('EVRG', 0.0), ('FCX', 0.0), ('SIVB', 0.0), ('SEDG', 0.0), ('NRG', 0.0), ('PAYC', 0.0), ('NXPI', 0.0)]"
2017-02-03,0,13,1.0,3.1538461538461537,0.0015769230769230769,0.0,"[('LUV', 0.12759186713840032), ('MRO', 0.09188714548672929), ('QCOM', 0.08641356769451136), ('UPS', 0.07919577318606014), ('ADP', 0.07894987720599657), ('SCHW', 0.07499830023296244), ('RHI', 0.07211005182288388), ('SIVB', 0.06983230197175405), ('LDOS', 0.06701578938305092), ('URI', 0.06611558388618347)]"
2017-02-10,0,13,1.0,1.0769230769230769,0.0005384615384615384,1.1102230246251565e-16,"[('AMD', 0.15000000000000002), ('NVDA', 0.12164408238305534), ('APA', 0.10567208466317056), ('MRO', 0.09153625763902065), ('AIZ', 0.08788448885832903), ('CF', 0.08225329481303903), ('RHI', 0.0676988599634359), ('MET', 0.052499090261742716), ('LDOS', 0.05196349180509997), ('AKAM', 0.05007541498456082)]"
2017-02-17,0,30,1.0,1.0333333333333334,0.0005166666666666667,0.0,"[('AMD', 0.15), ('AKAM', 0.15), ('MGM', 0.15), ('WDC', 0.14002902924033317), ('HAS', 0.10460336775445003), ('APA', 0.09080227234161377), ('NVDA', 0.06964766326341179), ('BBY', 0.06109800739163722), ('MRO', 0.03971043578637787), ('NRG', 0.02622108385358536)]"
2017-02-27,0,30,1.0,1.2666666666666666,0.0006333333333333333,1.1102230246251565e-16,"[('NVDA', 0.19999999999999998), ('MGM', 0.19999999999999998), ('APA', 0.19999999999999998), ('WDC', 0.19999999999999998), ('ATVI', 0.19999999999999998), ('LVS', 0.0), ('FCX', 0.0), ('TWTR', 0.0), ('WMB', 0.0), ('AKAM', 0.0)]"
2017-03-06,0,30,1.0,1.3333333333333333,0.0006666666666666666,0.0,"[('NVDA', 1.0), ('FCX', 0.0), ('ENPH', 0.0), ('BKR', 0.0), ('MTCH', 0.0), ('TSLA', 0.0), ('EOG', 0.0), ('WAB', 0.0), ('TWTR', 0.0), ('EW', 0.0)]"
2017-03-13,0,30,1.0,1.2666666666666666,0.0006333333333333333,0.0,"[('TGT', 0.03333333333333333), ('TSLA', 0.03333333333333333), ('HAL', 0.03333333333333333), ('AZO', 0.03333333333333333), ('DVN', 0.03333333333333333), ('AAL', 0.03333333333333333), ('URI', 0.03333333333333333), ('DAL', 0.03333333333333333), ('MLM', 0.03333333333333333), ('HPE', 0.03333333333333333)]"
2017-03-20,0,30,1.0,1.3333333333333333,0.0006666666666666666,0.0,"[('HAL', 1.0), ('DVN', 0.0), ('ENPH', 0.0), ('MRO', 0.0), ('DAL', 0.0), ('JBHT', 0.0), ('TSCO', 0.0), ('BBWI', 0.0), ('CVX', 0.0), ('TWTR', 0.0)]"
2017-03-27,0,30,1.0,1.2666666666666666,0.0006333333333333333,0.0,"[('SIVB', 0.33333333333333337), ('KEY', 0.33333333333333337), ('CSX', 0.33333333333333337), ('SYF', 0.0), ('HAL', 0.0), ('FITB', 0.0), ('URI', 0.0), ('BBWI', 0.0), ('MRO', 0.0), ('COF', 0.0)]"
2017-04-03,0,30,1.0,1.2,0.0006,0.0,"[('SIVB', 0.5), ('BAC', 0.5), ('ENPH', 0.0), ('INCY', 0.0), ('MTB', 0.0), ('BBWI', 0.0), ('CF', 0.0), ('CFG', 0.0), ('AKAM', 0.0), ('URI', 0.0)]"
2017-04-10,0,30,1.0,1.3333333333333333,0.0006666666666666666,0.0,"[('DFS', 0.03333333333333333), ('TGT', 0.03333333333333333), ('FCX', 0.03333333333333333), ('QCOM', 0.03333333333333333), ('MS', 0.03333333333333333), ('RHI', 0.03333333333333333), ('AMD', 0.03333333333333333), ('TWTR', 0.03333333333333333), ('TFX', 0.03333333333333333), ('LKQ', 0.03333333333333333)]"
2017-04-18,0,30,1.0,1.2,0.0006,1.1102230246251565e-16,"[('NVDA', 0.5), ('URI', 0.5), ('FITB', 0.0), ('TGT', 0.0), ('SCHW', 0.0), ('ALK', 0.0), ('ZION', 0.0), ('CFG', 0.0), ('RHI', 0.0), ('ODFL', 0.0)]"
2017-04-25,0,30,1.0,1.5333333333333334,0.0007666666666666667,0.0,"[('URI', 0.19999999999999998), ('INCY', 0.19999999999999998), ('FAST', 0.19999999999999998), ('AMD', 0.19999999999999998), ('IBM', 0.19999999999999998), ('ENPH', 0.0), ('ETSY', 0.0), ('ATVI', 0.0), ('MRO', 0.0), ('GIS', 0.0)]"
2017-05-02,0,15,1.0,2.6,0.0013000000000000002,0.0,"[('CZR', 0.10632698826992226), ('SYF', 0.10539075636884541), ('STX', 0.10282688585894581), ('CAH', 0.07371537853796771), ('IBM', 0.07221178080250139), ('ALGN', 0.07177439020913846), ('FFIV', 0.06986479552672445), ('AMP', 0.05967639666374015), ('HST', 0.052464559329269085), ('KDP', 0.05218816062254559)]"
2017-05-09,0,30,1.0,1.0333333333333334,0.0005166666666666667,2.220446049250313e-16,"[('AMD', 0.09410043294631402), ('STX', 0.07124240759516746), ('SYF', 0.0583577902121946), ('DXCM', 0.04964954143936484), ('NRG', 0.04665706414359556), ('PAYC', 0.039724301005943624), ('HII', 0.03940135261444188), ('URI', 0.03656385780758395), ('MOS', 0.03581525762166931), ('HST', 0.03498260557659026)]"
2017-05-16,0,30,1.0,1.2666666666666666,0.0006333333333333333,0.0,"[('AMD', 0.15), ('NVDA', 0.06967661503659313), ('DXCM', 0.053842832287398036), ('MU', 0.044260594907372615), ('AKAM', 0.04302589277304503), ('TSLA', 0.039229623925207895), ('TFX', 0.039097058986628005), ('NRG', 0.03536529486512477), ('WRB', 0.030763875435834802), ('EXPD', 0.03046621632084447)]"
2017-05-23,0,30,1.0,1.6666666666666667,0.0008333333333333334,2.220446049250313e-16,"[('NLOK', 0.06732238473820006), ('MU', 0.058427468840069795), ('EA', 0.05813977691112703), ('AMGN', 0.04695351042101394), ('TSLA', 0.040496901941364065), ('PWR', 0.039475919352619626), ('PAYC', 0.03918405814139794), ('GS', 0.037735728738216616), ('PLD', 0.03748158072186219), ('WDC', 0.03344210621089429)]"
2017-05-31,0,30,1.0,1.8666666666666667,0.0009333333333333333,0.0,"[('CFG', 0.15), ('STX', 0.15), ('CSCO', 0.15), ('KMI', 0.15), ('GS', 0.15), ('OKE', 0.1300238542209826), ('AMP', 0.11997614577901743), ('AMD', 0.0), ('URI', 0.0), ('MRO', 0.0)]"
2017-06-07,0,30,1.0,1.1333333333333333,0.0005666666666666667,0.0,"[('STX', 0.5), ('NDSN', 0.5), ('MRO', 0.0), ('GWW', 0.0), ('SIVB', 0.0), ('AMD', 0.0), ('RF', 0.0), ('ENPH', 0.0), ('CFG', 0.0), ('BAC', 0.0)]"
2017-06-14,0,30,1.0,1.5333333333333334,0.0007666666666666667,0.0,"[('MOH', 0.19999999999999998), ('STX', 0.19999999999999998), ('CMG', 0.19999999999999998), ('DXCM', 0.19999999999999998), ('CTXS', 0.19999999999999998), ('INCY', 0.0), ('MRO', 0.0), ('DE', 0.0), ('NLOK', 0.0), ('BBY', 0.0)]"
2017-06-21,0,30,1.0,1.2666666666666666,0.0006333333333333333,0.0,"[('STX', 0.16666666666666666), ('NLOK', 0.16666666666666666), ('ETSY', 0.16666666666666666), ('FTNT', 0.16666666666666666), ('MTCH', 0.16666666666666666), ('TER', 0.16666666666666666), ('MU', 0.0), ('URI', 0.0), ('FCX', 0.0), ('ENPH', 0.0)]"
2017-06-28,0,30,1.0,1.1333333333333333,0.0005666666666666667,0.0,"[('STX', 0.19999999999999998), ('TER', 0.19999999999999998), ('NLOK', 0.19999999999999998), ('VRTX', 0.19999999999999998), ('TMUS', 0.19999999999999998), ('URI', 0.0), ('AMD', 0.0), ('TTWO', 0.0), ('FLT', 0.0), ('KLAC', 0.0)]"
2017-07-06,0,14,1.0,2.857142857142857,0.0014285714285714286,0.0,"[('ATVI', 0.0960199058707837), ('NLOK', 0.09427314652491042), ('STX', 0.08684600225601331), ('QRVO', 0.08162058826892876), ('ILMN', 0.07780042774860904), ('ACN', 0.07065806032611974), ('NOW', 0.06833839955623786), ('SWKS', 0.06564808891685987), ('SPGI', 0.06561281129136141), ('CDNS', 0.06115385446619977)]"
2017-07-13,0,30,1.0,1.4,0.0007,0.0,"[('ORLY', 1.0), ('TSLA', 0.0), ('AAP', 0.0), ('ENPH', 0.0), ('AZO', 0.0), ('NVDA', 0.0), ('AKAM', 0.0), ('ANET', 0.0), ('MOH', 0.0), ('SNA', 0.0)]"
2017-07-20,0,30,1.0,1.1333333333333333,0.0005666666666666667,0.0,"[('ENPH', 0.03333333333333333), ('NRG', 0.03333333333333333), ('VRTX', 0.03333333333333333), ('AZO', 0.03333333333333333), ('AAP', 0.03333333333333333), ('BBY', 0.03333333333333333), ('STX', 0.03333333333333333), ('MOH', 0.03333333333333333), ('AMD', 0.03333333333333333), ('KMB', 0.03333333333333333)]"
2017-07-27,0,11,1.0,3.3636363636363638,0.001681818181818182,0.0,"[('DPZ', 0.15), ('STX', 0.11091555430592989), ('MMM', 0.10594621390074374), ('HAS', 0.09863016969697472), ('NTRS', 0.09010062915995934), ('IPG', 0.08313969024071215), ('POOL', 0.07682102816485999), ('ALGN', 0.07561698292583356), ('QCOM', 0.07406759437673441), ('REGN', 0.0696720615225688)]"
2017-08-03,0,30,1.0,0.8333333333333334,0.0004166666666666667,0.0,"[('HAS', 0.06082945465636653), ('DPZ', 0.056274034884662164), ('ANET', 0.05340041301237578), ('IPG', 0.04977990074017592), ('SBUX', 0.046449892134739136), ('IDXX', 0.044977072717804475), ('POOL', 0.04377057955390366), ('PAYC', 0.04300760235436786), ('QCOM', 0.03798456406389813), ('STX', 0.03545940146022296)]"
2017-08-10,0,30,1.0,1.4,0.0007,0.0,"[('ANET', 0.08331645317994692), ('SEDG', 0.08064852867108667), ('MO', 0.06093324339851646), ('ALGN', 0.0467226707404307), ('SBUX', 0.04388163081105361), ('HOLX', 0.043224369223049085), ('LUV', 0.038764905246716296), ('ATVI', 0.03551508282939362), ('PAYC', 0.034174446449272484), ('DRI', 0.03327601981764754)]"
2017-08-17,0,30,1.0,1.7333333333333334,0.0008666666666666667,0.0,"[('ANET', 0.10096419540443148), ('BKNG', 0.05737583603868579), ('IT', 0.04972931782049915), ('JKHY', 0.04700530754689369), ('HSIC', 0.04241468602556923), ('XRAY', 0.04020879667663875), ('BIO', 0.037960166669923044), ('VRTX', 0.03312186898111216), ('INCY', 0.033051674150790314), ('ALB', 0.03298661273561415)]"
2017-08-24,0,30,1.0,1.4,0.0007,1.1102230246251565e-16,"[('TPR', 0.0718374054975748), ('NVDA', 0.058996408676060146), ('VRTX', 0.057791892002074845), ('LVS', 0.04659202143406986), ('WYNN', 0.04301677936678613), ('BBY', 0.040768076192163764), ('DE', 0.03642806402438729), ('NTAP', 0.036187556991472615), ('PENN', 0.0351932175224054), ('UAL', 0.03419621368104494)]"
2017-08-31,0,30,1.0,1.6,0.0008,0.0,"[('ALGN', 0.15), ('LUV', 0.15), ('FCX', 0.15), ('CMA', 0.15), ('DE', 0.15), ('UAL', 0.15), ('KEY', 0.10000000000000009), ('OMC', 0.0), ('AMD', 0.0), ('FMC', 0.0)]"
2017-09-08,0,30,1.0,1.5333333333333334,0.0007666666666666667,0.0,"[('UAL', 0.19999999999999998), ('BBY', 0.19999999999999998), ('DRI', 0.19999999999999998), ('BEN', 0.19999999999999998), ('ZION', 0.19999999999999998), ('LUMN', 0.0), ('WBD', 0.0), ('AAP', 0.0), ('NRG', 0.0), ('KR', 0.0)]"
2017-09-15,0,30,1.0,1.4666666666666666,0.0007333333333333333,0.0,"[('RE', 0.15), ('EFX', 0.15), ('FCX', 0.15), ('SEDG', 0.15), ('VRTX', 0.15), ('NVDA', 0.11456355354272355), ('REGN', 0.06794805993968384), ('DIS', 0.06748838651759265), ('TSLA', 0.0), ('LUMN', 0.0)]"
2017-09-22,0,30,1.0,1.2,0.0006,2.220446049250313e-16,"[('VRTX', 0.25), ('FCX', 0.25), ('ETSY', 0.25), ('SEDG', 0.25), ('BBWI', 0.0), ('ULTA', 0.0), ('INCY', 0.0), ('ELV', 0.0), ('EW', 0.0), ('BBY', 0.0)]"
2017-09-29,0,30,1.0,1.2666666666666666,0.0006333333333333333,0.0,"[('PEP', 1.0), ('EW', 0.0), ('COO', 0.0), ('ANET', 0.0), ('BBY', 0.0), ('ETSY', 0.0), ('ALGN', 0.0), ('DRI', 0.0), ('KHC', 0.0), ('VTRS', 0.0)]"
2017-10-06,0,30,1.0,1.1333333333333333,0.0005666666666666667,0.0,"[('NVDA', 1.0), ('AMD', 0.0), ('TWTR', 0.0), ('MCO', 0.0), ('ANET', 0.0), ('DXCM', 0.0), ('STE', 0.0), ('DRI', 0.0), ('CMG', 0.0), ('CLX', 0.0)]"
2017-10-13,0,30,1.0,1.2666666666666666,0.0006333333333333333,0.0,"[('DISH', 0.03333333333333333), ('FCX', 0.03333333333333333), ('RL', 0.03333333333333333), ('SEDG', 0.03333333333333333), ('ANET', 0.03333333333333333), ('STE', 0.03333333333333333), ('AMD', 0.03333333333333333), ('MCO', 0.03333333333333333), ('WAB', 0.03333333333333333), ('CMCSA', 0.03333333333333333)]"
2017-10-20,0,30,1.0,1.3333333333333333,0.0006666666666666666,0.0,"[('ETSY', 1.0), ('DXCM', 0.0), ('ENPH', 0.0), ('TWTR', 0.0), ('IPG', 0.0), ('REGN', 0.0), ('ANET', 0.0), ('MOH', 0.0), ('ULTA', 0.0), ('VRTX', 0.0)]"
2017-10-27,0,30,1.0,1.5333333333333334,0.0007666666666666667,1.1102230246251565e-16,"[('PM', 0.5), ('NVDA', 0.5), ('UAL', 0.0), ('DXCM', 0.0), ('TAP', 0.0), ('TPR', 0.0), ('KIM', 0.0), ('BR', 0.0), ('CMG', 0.0), ('CNC', 0.0)]"
2017-11-03,0,29,1.0,1.896551724137931,0.0009482758620689655,2.220446049250313e-16,"[('AMD', 0.10044732378382239), ('NVDA', 0.08486028775794698), ('EXPE', 0.05006933596193788), ('NWL', 0.046661511262345134), ('HAS', 0.04325815672711694), ('ALK', 0.040797847613091756), ('EW', 0.03762228627459205), ('MAA', 0.03587533951881471), ('PM', 0.032844263789953546), ('COO', 0.03250523545793175)]"
2017-11-10,0,30,1.0,1.5666666666666667,0.0007833333333333334,0.0,"[('ENPH', 0.12450090056637926), ('BKNG', 0.06003481812818817), ('EXPE', 0.05376832317491402), ('NRG', 0.05066557514462501), ('AMD', 0.04572966042943778), ('SEDG', 0.04372249840927382), ('CTLT', 0.04053052940306307), ('NWL', 0.04001752256284807), ('SIVB', 0.03702161475308579), ('ZBH', 0.03449079527770349)]"
2017-11-17,0,30,1.0,1.4,0.0007,2.220446049250313e-16,"[('ENPH', 0.15000000000000002), ('CRL', 0.0699333406542736), ('BKNG', 0.06556357103947702), ('BIO', 0.05057370110919391), ('AMGN', 0.04050751116696771), ('CTLT', 0.040223457109491885), ('EBAY', 0.0383129272071122), ('NRG', 0.033276959665347106), ('IP', 0.032434007553018375), ('CSX', 0.030154098257862288)]"
2017-11-27,0,20,1.0,2.0,0.001,0.0,"[('ENPH', 0.15000000000000002), ('CMI', 0.07492051813949602), ('PCAR', 0.06106083923062432), ('NTAP', 0.05861723623150921), ('J', 0.05783711251614869), ('AMGN', 0.05681055857916997), ('URI', 0.049038206496236136), ('FDX', 0.045715708669406545), ('GILD', 0.042933132457798236), ('GM', 0.04194445550567331)]"
2017-12-04,0,17,1.0,1.8235294117647058,0.0009117647058823529,0.0,"[('ENPH', 0.14999999999999997), ('ADSK', 0.11814570002635377), ('BSX', 0.06893655088865128), ('PCAR', 0.06431843559481207), ('CMI', 0.06229893895131981), ('NRG', 0.05573399952537032), ('NDSN', 0.05206236542571565), ('ADI', 0.0512369052471242), ('WY', 0.04706326726415256), ('CFG', 0.044037002578068765)]"
2017-12-11,0,30,1.0,1.3666666666666667,0.0006833333333333333,0.0,"[('ADSK', 0.14999999999999997), ('WDC', 0.14999999999999997), ('NRG', 0.14999999999999997), ('AMAT', 0.12692892949568418), ('ON', 0.1261895162198568), ('AON', 0.12356190613014244), ('MPWR', 0.1008619605845356), ('LRCX', 0.04231701243435165), ('MCHP', 0.019608539079880253), ('BKNG', 0.010532136055549137)]"
2017-12-18,0,30,1.0,1.2666666666666666,0.0006333333333333333,0.0,"[('EIX', 0.33333333333333337), ('ALGN', 0.33333333333333337), ('IRM', 0.33333333333333337), ('GE', 0.0), ('NWL', 0.0), ('MU', 0.0), ('ATVI', 0.0), ('NVDA', 0.0), ('TSLA', 0.0), ('CHTR', 0.0)]"
2017-12-26,0,11,1.0,3.5454545454545454,0.0017727272727272728,0.0,"[('NRG', 0.15000000000000002), ('ENPH', 0.15000000000000002), ('DUK', 0.08686104745251626), ('IRM', 0.08609617118652531), ('AEE', 0.08138671571279381), ('XEL', 0.0795991169627771), ('EXC', 0.07700643778152819), ('FDS', 0.07666720811579884), ('ATO', 0.07342625385988422), ('WEC', 0.07011295764446707)]"
2018-01-03,0,30,1.0,1.3,0.0006500000000000001,0.0,"[('CNP', 0.5), ('NRG', 0.5), ('CZR', 0.0), ('ORCL', 0.0), ('NWL', 0.0), ('CMG', 0.0), ('ETSY', 0.0), ('AON', 0.0), ('SRE', 0.0), ('WM', 0.0)]"
2018-01-10,0,29,1.0,1.6206896551724137,0.0008103448275862069,0.0,"[('NRG', 1.0), ('TROW', 0.0), ('PLD', 0.0), ('WDC', 0.0), ('CZR', 0.0), ('DVA', 0.0), ('ESS', 0.0), ('SEDG', 0.0), ('PSA', 0.0), ('IRM', 0.0)]"
2018-01-18,0,30,1.0,1.1666666666666667,0.0005833333333333334,0.0,"[('BBWI', 0.5), ('ENPH', 0.5), ('BA', 0.0), ('ETR', 0.0), ('MTCH', 0.0), ('IRM', 0.0), ('WELL', 0.0), ('AWK', 0.0), ('ESS', 0.0), ('AVB', 0.0)]"
2018-01-25,0,30,1.0,1.4666666666666666,0.0007333333333333333,0.0,"[('ENPH', 1.0), ('BBWI', 0.0), ('SRE', 0.0), ('TGT', 0.0), ('BLK', 0.0), ('QRVO', 0.0), ('TROW', 0.0), ('LUMN', 0.0), ('XRAY', 0.0), ('MRO', 0.0)]"
2018-02-01,0,30,1.0,1.8,0.0009000000000000001,2.220446049250313e-16,"[('ENPH', 0.11036163044447773), ('CZR', 0.06014302352482175), ('ABBV', 0.04683547968463073), ('NWL', 0.046694032218484706), ('MKC', 0.041068294122383414), ('ANET', 0.04072674739625987), ('UNP', 0.03872332595302187), ('CL', 0.037141272872041636), ('PFE', 0.0359321097971233), ('AES', 0.03536303823479121)]"
2018-02-08,1,30,0.7,1.7333333333333334,0.0008666666666666667,0.29999999999999993,"[('NWL', 0.05259603813172777), ('WYNN', 0.04427202217794868), ('CZR', 0.040884860505888826), ('MCHP', 0.03871673236315021), ('WBD', 0.03725111443033021), ('ABC', 0.03723990584822458), ('ROST', 0.03683531310932114), ('AAP', 0.03654116236180725), ('NTAP', 0.03615465428179983), ('CDNS', 0.03603307034392552)]"
2018-02-15,1,30,0.7,1.4,0.0007,0.29999999999999993,"[('AAP', 0.04229542138139066), ('DLTR', 0.03905359615249561), ('CSX', 0.038562076053391466), ('URI', 0.03854455623268817), ('PENN', 0.037972105091196286), ('MCHP', 0.03779131961074812), ('J', 0.037150124624992516), ('WBD', 0.03701618499637507), ('LOW', 0.0368402776253478), ('NTAP', 0.03603475639657145)]"
2018-02-23,1,30,0.7,1.4,0.0007,0.29999999999999993,"[('DVN', 0.04390841824342937), ('PENN', 0.04333131694132037), ('MRO', 0.0422199294629696), ('DVA', 0.0402506542813804), ('GNRC', 0.03808744405336753), ('TSLA', 0.03695013804000404), ('HES', 0.03673717185803006), ('TFX', 0.03657541777965547), ('SIVB', 0.03648578300423711), ('HAL', 0.036426414625660854)]"
2018-03-02,1,30,0.7,1.4,0.0007,0.30000000000000004,"[('WMT', 0.04435433603384729), ('DVN', 0.04324074600952215), ('ETSY', 0.04138394264559182), ('MRO', 0.03895019213305747), ('TFX', 0.038949058244950575), ('PENN', 0.03865381843268879), ('SEDG', 0.038106100231552385), ('DVA', 0.03772745827883964), ('LYV', 0.036412428942650434), ('NDSN', 0.0362560282007355)]"
2018-03-09,1,30,0.7,1.6,0.0008,0.2999999999999998,"[('MNST', 0.059126069270939545), ('ENPH', 0.05580006919572824), ('DLTR', 0.054643556084308965), ('AZO', 0.04777228937969179), ('ETSY', 0.04210345360165017), ('ALGN', 0.042097450163780185), ('MU', 0.04002943341919953), ('GM', 0.03822189851374874), ('MCD', 0.03598251081539549), ('MRO', 0.03585137865977771)]"
2018-03-16,1,30,0.7,1.8,0.0009000000000000001,0.29999999999999993,"[('KR', 0.08365503200906083), ('TWTR', 0.07437225158861577), ('DLTR', 0.06663148389792325), ('NFLX', 0.04662239554784452), ('STX', 0.04577228412063087), ('AKAM', 0.043601781101678484), ('ON', 0.037837110892770795), ('EFX', 0.03365758992652024), ('QRVO', 0.03363915078839803), ('NVDA', 0.032771731264958616)]"
2018-03-23,1,30,0.7,1.7333333333333334,0.0008666666666666667,0.30000000000000004,"[('SEDG', 0.053274706272938586), ('ELV', 0.05221405730818795), ('QCOM', 0.04602507996923177), ('NWL', 0.04557875646479628), ('SYF', 0.04516792394261764), ('DE', 0.044854901305207806), ('GE', 0.04281993551129705), ('TFC', 0.0417179172648751), ('AVY', 0.03996806737259432), ('LKQ', 0.03907262461433092)]"
2018-04-02,1,30,0.7,1.4666666666666666,0.0007333333333333333,0.2999999999999998,"[('TWTR', 0.06454354615143298), ('NFLX', 0.060286768610522554), ('NVDA', 0.05275877990298502), ('ABBV', 0.05177561578487385), ('AMZN', 0.05115928709227993), ('ALGN', 0.045311583878640475), ('WDC', 0.03781104103315222), ('EA', 0.03689697318047874), ('META', 0.035089872452765576), ('RJF', 0.03329947108344756)]"
2018-04-09,1,30,0.7,1.4666666666666666,0.0007333333333333333,0.30000000000000016,"[('TWTR', 0.0607553559743805), ('SEDG', 0.05779615136255384), ('AMZN', 0.056514155459961274), ('STX', 0.05014053810559268), ('ALGN', 0.04825275675157353), ('NVDA', 0.045160247754592764), ('ANET', 0.041923359467176576), ('NOW', 0.03660121796563334), ('ISRG', 0.035802082064821494), ('WDC', 0.035352440349814274)]"
2018-04-16,1,30,0.7,1.4,0.0007,0.29999999999999993,"[('TWTR', 0.06073035282631503), ('ANET', 0.0464458892937206), ('TSN', 0.04500863798596653), ('FAST', 0.044970707463593766), ('INTC', 0.04225206895598334), ('TRV', 0.04028739800606645), ('RE', 0.03978852120785596), ('AMT', 0.039407352609691616), ('SYK', 0.03928959045655621), ('EBAY', 0.03792228760927488)]"
2018-04-23,1,30,0.7,1.2,0.0006,0.30000000000000004,"[('TWTR', 0.11208412979483369), ('ANET', 0.07457099469641197), ('ALGN', 0.06243219727062981), ('DISH', 0.04686687329699393), ('DE', 0.039528049249996214), ('URI', 0.03937024742625869), ('EW', 0.039306121223534454), ('MAS', 0.03592405425808284), ('TSN', 0.03032078216613659), ('JNPR', 0.03026631078202777)]"
2018-04-30,1,30,0.7,1.4,0.0007,0.29999999999999993,"[('TWTR', 0.09783569894962729), ('LKQ', 0.08793850671974092), ('CZR', 0.07097298581466192), ('FCX', 0.06434727306891222), ('ABMD', 0.041689444279300915), ('URI', 0.03977003476209049), ('ODFL', 0.0391721980179618), ('DISH', 0.037649418201691334), ('NWL', 0.03574471327051421), ('MGM', 0.0331751946187343)]"
2018-05-07,1,30,0.7,1.5333333333333334,0.0007666666666666667,0.30000000000000004,"[('ENPH', 0.16354530118709187), ('MTCH', 0.08748318363120067), ('CAH', 0.06795133710676061), ('FCX', 0.06008740499810699), ('DPZ', 0.04363434949255296), ('PAYC', 0.038556003215227064), ('EW', 0.03463412952758481), ('NOC', 0.031695280264427174), ('LMT', 0.031110388127570495), ('PGR', 0.02910892633307968)]"
2018-05-14,1,30,0.7,1.6,0.0008,0.30000000000000004,"[('ETSY', 0.09494931855420073), ('BKNG', 0.055875780553057024), ('ZBRA', 0.05041469650802705), ('NWSA', 0.050272688748542564), ('WBD', 0.049039836117988636), ('PAYC', 0.0489591515316011), ('DISH', 0.04433976134969723), ('YUM', 0.043208509663241655), ('STX', 0.0430985457400272), ('GILD', 0.04043508765804454)]"
2018-05-21,1,30,0.7,1.3333333333333333,0.0006666666666666666,0.30000000000000016,"[('ETSY', 0.09510419852068228), ('ZBRA', 0.06434367823921545), ('WBD', 0.06036597883106226), ('NWL', 0.051499395960317024), ('BKNG', 0.04473628416293728), ('NWSA', 0.04237372985415856), ('DISH', 0.041819902970161256), ('HUM', 0.03933920047148908), ('IFF', 0.037894737697363706), ('A', 0.03628806033551423)]"
2018-05-29,1,15,0.7,2.466666666666667,0.0012333333333333335,0.29999999999999993,"[('ETSY', 0.14144379050284792), ('HPE', 0.12459508682035177), ('NWL', 0.09439733961491734), ('BBY', 0.07922835143829157), ('HAL', 0.06525875089147873), ('CPB', 0.05798761834190385), ('NDSN', 0.055332315574921104), ('SLB', 0.0535813912163578), ('FITB', 0.0514898451965309), ('A', 0.05045824602720707)]"
2018-06-05,1,30,0.7,1.3,0.0006500000000000001,0.29999999999999993,"[('ADSK', 0.33333333333333337), ('BBY', 0.33333333333333337), ('BKR', 0.33333333333333337), ('DISH', 0.0), ('PM', 0.0), ('FCX', 0.0), ('CAH', 0.0), ('MTCH', 0.0), ('TAP', 0.0), ('MU', 0.0)]"
2018-06-12,1,30,0.7,1.3333333333333333,0.0006666666666666666,0.29999999999999993,"[('ABMD', 0.5), ('NFLX', 0.5), ('BKR', 0.0), ('MTCH', 0.0), ('ETSY', 0.0), ('CMG', 0.0), ('SIVB', 0.0), ('WY', 0.0), ('NLOK', 0.0), ('GE', 0.0)]"
2018-06-19,1,29,0.7,1.3448275862068966,0.0006724137931034483,0.30000000000000004,"[('ABMD', 0.5), ('EOG', 0.5), ('ETSY', 0.0), ('TER', 0.0), ('SEDG', 0.0), ('ENPH', 0.0), ('HWM', 0.0), ('GILD', 0.0), ('REGN', 0.0), ('PXD', 0.0)]"
2018-06-26,1,30,0.7,1.3,0.0006500000000000001,0.30000000000000004,"[('PTC', 0.21444366815243956), ('VLO', 0.19992658779615957), ('TMO', 0.18968926312498133), ('EMN', 0.1704791288415706), ('HPE', 0.1150592011469793), ('PSX', 0.07834467339611267), ('ALB', 0.03205747754175691), ('MTCH', 0.0), ('ETSY', 0.0), ('SEDG', 0.0)]"
2018-07-03,1,30,0.7,1.4,0.0007,0.30000000000000004,"[('ABMD', 0.2142857142857143), ('NFLX', 0.2142857142857143), ('AMD', 0.13976716906886924), ('CMG', 0.09414181722080775), ('NVDA', 0.08690550577785934), ('ABBV', 0.07919412405425896), ('ALGN', 0.05060360333326337), ('GE', 0.03969746467239593), ('MU', 0.029375227549405983), ('SIVB', 0.02926297327586282)]"
2018-07-11,0,30,1.0,1.1333333333333333,0.0005666666666666667,2.220446049250313e-16,"[('AFL', 0.19999999999999998), ('CMG', 0.19999999999999998), ('FRC', 0.19999999999999998), ('ENPH', 0.19999999999999998), ('ABMD', 0.19999999999999998), ('INCY', 0.0), ('MU', 0.0), ('DLTR', 0.0), ('ALB', 0.0), ('MTCH', 0.0)]"
2018-07-18,0,30,1.0,1.4,0.0007,1.1102230246251565e-16,"[('NFLX', 0.33333333333333337), ('FRC', 0.33333333333333337), ('QRVO', 0.33333333333333337), ('MTCH', 0.0), ('DLTR', 0.0), ('MU', 0.0), ('PM', 0.0), ('CZR', 0.0), ('ALGN', 0.0), ('CSCO', 0.0)]"
2018-07-25,0,29,1.0,1.3448275862068966,0.0006724137931034483,2.220446049250313e-16,"[('TWTR', 0.19999999999999998), ('QRVO', 0.19999999999999998), ('ENPH', 0.19999999999999998), ('GWW', 0.19999999999999998), ('ABBV', 0.19999999999999998), ('MTCH', 0.0), ('NFLX', 0.0), ('DLTR', 0.0), ('NLOK', 0.0), ('IPG', 0.0)]"
2018-08-01,0,30,1.0,1.7,0.00085,0.0,"[('ENPH', 0.15), ('ETSY', 0.08341842840321108), ('TWTR', 0.07831546982094767), ('ABMD', 0.06593345335980139), ('SEDG', 0.05137500468081507), ('MTCH', 0.040694218015232285), ('DXCM', 0.03457881276760411), ('MU', 0.033513209081905374), ('FTNT', 0.030446729439257914), ('INTC', 0.030030333554648365)]"
2018-08-08,0,30,1.0,1.3333333333333333,0.0006666666666666666,1.1102230246251565e-16,"[('ENPH', 0.13406822901897703), ('DXCM', 0.08579127758269764), ('SEDG', 0.06590506008308196), ('ABMD', 0.058543052610518544), ('ALGN', 0.04533580223604023), ('FTNT', 0.04043200967111712), ('PAYC', 0.037996075809025136), ('MOH', 0.035328338802545364), ('TFX', 0.035114687118608885), ('BR', 0.03393623033004779)]"
2018-08-15,0,30,1.0,1.2666666666666666,0.0006333333333333333,0.0,"[('DXCM', 0.09804061950774216), ('ENPH', 0.09635614419654669), ('SEDG', 0.06371378480259143), ('NLOK', 0.04519122360000193), ('AKAM', 0.04127454438271081), ('WYNN', 0.03883725620604001), ('ON', 0.038699473825779804), ('CF', 0.037664279188185455), ('EXR', 0.03625159644052367), ('REGN', 0.03449301678985497)]"
2018-08-22,0,30,1.0,1.4666666666666666,0.0007333333333333333,0.0,"[('ENPH', 0.12102569542113374), ('DVN', 0.0542886752390612), ('LW', 0.049088880150094466), ('MCHP', 0.04638185504941923), ('OXY', 0.04371328600613705), ('NTAP', 0.04357408824097205), ('MU', 0.03682561986021002), ('EOG', 0.035189530361175746), ('APA', 0.033365195174175875), ('KMX', 0.03224080658917894)]"
2018-08-29,0,30,1.0,1.5333333333333334,0.0007666666666666667,0.0,"[('APA', 1.0), ('ENPH', 0.0), ('BIIB', 0.0), ('CMG', 0.0), ('NWL', 0.0), ('MOH', 0.0), ('SRE', 0.0), ('ALGN', 0.0), ('NLOK', 0.0), ('LLY', 0.0)]"
2018-09-06,0,30,1.0,1.3333333333333333,0.0006666666666666666,0.0,"[('TWTR', 0.03333333333333333), ('ABMD', 0.03333333333333333), ('ENPH', 0.03333333333333333), ('SEDG', 0.03333333333333333), ('CPB', 0.03333333333333333), ('APTV', 0.03333333333333333), ('NLOK', 0.03333333333333333), ('DGX', 0.03333333333333333), ('TROW', 0.03333333333333333), ('AMD', 0.03333333333333333)]"
2018-09-13,0,30,1.0,1.3333333333333333,0.0006666666666666666,0.0,"[('ENPH', 0.03333333333333333), ('TWTR', 0.03333333333333333), ('ABMD', 0.03333333333333333), ('XRAY', 0.03333333333333333), ('SEDG', 0.03333333333333333), ('MHK', 0.03333333333333333), ('PHM', 0.03333333333333333), ('OKE', 0.03333333333333333), ('DRI', 0.03333333333333333), ('WHR', 0.03333333333333333)]"
2018-09-20,0,30,1.0,1.3333333333333333,0.0006666666666666666,0.0,"[('ENPH', 0.03333333333333333), ('TWTR', 0.03333333333333333), ('ABMD', 0.03333333333333333), ('SEDG', 0.03333333333333333), ('LUMN', 0.03333333333333333), ('BIIB', 0.03333333333333333), ('NWL', 0.03333333333333333), ('XRAY', 0.03333333333333333), ('EXR', 0.03333333333333333), ('WAT', 0.03333333333333333)]"
2018-09-27,0,30,1.0,1.5333333333333334,0.0007666666666666667,1.1102230246251565e-16,"[('GIS', 0.33333333333333337), ('MPWR', 0.33333333333333337), ('LDOS', 0.33333333333333337), ('ENPH', 0.0), ('PAYC', 0.0), ('STX', 0.0), ('SEDG', 0.0), ('TWTR', 0.0), ('WHR', 0.0), ('MHK', 0.0)]"
2018-10-04,0,30,1.0,1.4,0.0007,3.3306690738754696e-16,"[('DXCM', 0.15003192648280575), ('CMG', 0.15003192648280575), ('CTAS', 0.15003192648280575), ('BIIB', 0.15003192648280575), ('DRI', 0.14117722012431166), ('SPGI', 0.13774292246077954), ('RHI', 0.08468046484637753), ('ANET', 0.036271686637308266), ('ENPH', 0.0), ('TWTR', 0.0)]"
2018-10-11,1,30,0.7,1.5333333333333334,0.0007666666666666667,0.2999999999999998,"[('DXCM', 0.05600062273197082), ('TSCO', 0.054684438536547246), ('RL', 0.05114861162396452), ('CMG', 0.048846817160273025), ('AKAM', 0.047237916079132074), ('NKE', 0.046330800279728704), ('TWTR', 0.04527636652967323), ('AMZN', 0.044549967917060715), ('NVDA', 0.04403383249645301), ('ALGN', 0.04367258846539974)]"
2018-10-18,1,30,0.7,1.4,0.0007,0.2999999999999998,"[('QCOM', 0.04942241135501104), ('ALGN', 0.04838798949445244), ('CF', 0.0451631452318335), ('NKE', 0.04397527874170709), ('ILMN', 0.04306016868080451), ('GLW', 0.04172724710144436), ('BR', 0.04008389748893377), ('FFIV', 0.03922198432505654), ('RL', 0.03874819608042534), ('KR', 0.03854911926638854)]"
2018-10-25,2,30,0.4,1.4666666666666666,0.0007333333333333333,0.6,"[('MOH', 0.04526843385933234), ('ILMN', 0.040172883371725004), ('CPRT', 0.03901176850104891), ('NXPI', 0.03899783736448866), ('CNC', 0.038638334435186626), ('NFLX', 0.03847928773884216), ('SIVB', 0.03817217145702732), ('VLO', 0.037496798277256445), ('ABMD', 0.036803244016744036), ('PTC', 0.03604700996953884)]"
2018-11-01,1,30,0.7,1.2,0.0006,0.29999999999999993,"[('AMD', 0.05125035019669578), ('WDC', 0.04143323250882445), ('TTWO', 0.04022777854555676), ('AMZN', 0.038015760746403005), ('TECH', 0.0361312982111417), ('NXPI', 0.03553336886050019), ('MOH', 0.03513612473207837), ('CPRT', 0.03478045593729263), ('NFLX', 0.03476435412195552), ('INCY', 0.03425176902083372)]"
2018-11-08,1,30,0.7,1.4,0.0007,0.30000000000000016,"[('AMD', 0.05657718781309668), ('MTCH', 0.04384434293819494), ('FBHS', 0.039507686995469284), ('VRSN', 0.03879562953468409), ('AMZN', 0.03849299129398874), ('TYL', 0.03722278130175387), ('SIVB', 0.037093623580616554), ('TAP', 0.0368704090683913), ('NOC', 0.03491585624551466), ('CHTR', 0.034487187900154044)]"
2018-11-15,1,30,0.7,1.5333333333333334,0.0007666666666666667,0.30000000000000004,"[('FTNT', 0.04286091367213594), ('ABMD', 0.042790865399324717), ('MTCH', 0.04161844072567189), ('VRSN', 0.04012086796479906), ('EIX', 0.039364358084794285), ('CF', 0.037285141721459664), ('WYNN', 0.03676109033754698), ('QCOM', 0.0366810223149413), ('RL', 0.03620465283081537), ('DVA', 0.03563320959971134)]"
2018-11-23,2,30,0.4,1.2,0.0006,0.6000000000000001,"[('BBWI', 0.05440545612639608), ('TGT', 0.0493921943055032), ('NTAP', 0.045434924824923034), ('TJX', 0.04453867274563724), ('WBD', 0.04234658424347723), ('LUMN', 0.04113629514161825), ('ABMD', 0.03904284741338778), ('DXCM', 0.036817330358990395), ('CF', 0.036474720558468156), ('TPR', 0.034597032565210524)]"
2018-11-30,2,30,0.4,1.4,0.0007,0.6,"[('BBWI', 0.07424625584387001), ('NTAP', 0.06290815247906274), ('CHTR', 0.05054286137727999), ('DLTR', 0.04899369717886945), ('PARA', 0.048122501723472724), ('SRE', 0.047360152885010505), ('DISH', 0.045034964044653875), ('RSG', 0.041525310732055024), ('BBY', 0.03911518131053998), ('LKQ', 0.03519665775426013)]"
2018-12-10,2,30,0.4,1.3333333333333333,0.0006666666666666666,0.6000000000000001,"[('IVZ', 0.04354582466843862), ('SEDG', 0.04346084790095949), ('IDXX', 0.04226807181669883), ('STT', 0.04143961159207408), ('LKQ', 0.041103663833807064), ('AMP', 0.039243966931548774), ('PFG', 0.039202515970242845), ('BR', 0.03856817752263432), ('FANG', 0.03730206576851984), ('AMAT', 0.035818250676051454)]"
2018-12-17,2,30,0.4,1.0,0.0005,0.6000000000000001,"[('SLB', 0.04597119400726842), ('LKQ', 0.0425123097679212), ('AMAT', 0.04241346004015995), ('BKR', 0.0416496271286142), ('STX', 0.04128291715988833), ('AAL', 0.04073749501129139), ('WY', 0.03962546633420627), ('BR', 0.03841888865520292), ('MU', 0.03820247431593165), ('LNC', 0.03725878377499847)]"
2018-12-24,2,30,0.4,1.2666666666666666,0.0006333333333333333,0.6,"[('MOH', 0.047514099295238255), ('TECH', 0.04541111044576938), ('HAL', 0.043669741686541294), ('TGT', 0.043352919390570684), ('FDX', 0.04282106584988023), ('FTNT', 0.04211044359821547), ('META', 0.042069829814831275), ('LHX', 0.041767456905753134), ('GS', 0.04074701673987152), ('MO', 0.03882980184498577)]"
2019-01-02,2,30,0.4,1.2,0.0006,0.6000000000000001,"[('FDX', 0.049426329106737416), ('PAYC', 0.046589787808509725), ('ZBRA', 0.04376603595445984), ('TWTR', 0.04201923767603768), ('MOH', 0.03968543121727445), ('EBAY', 0.038687463326673055), ('PSX', 0.03867498852700217), ('META', 0.03787688538888956), ('NXPI', 0.03660970792696425), ('FTNT', 0.03552399041951014)]"
2019-01-09,2,30,0.4,1.5333333333333334,0.0007666666666666667,0.6,"[('XEL', 0.04408731951932926), ('ES', 0.04403716679962336), ('ETR', 0.043624562610375964), ('DUK', 0.04291796685967867), ('PEG', 0.04252429264266614), ('AJG', 0.04186008907353867), ('SO', 0.04156004807697122), ('NI', 0.039686805461827165), ('WRB', 0.03910709550415925), ('FE', 0.03891430032564259)]"
2019-01-16,2,30,0.4,1.2,0.0006,0.6,"[('MRK', 0.038660880355574176), ('ETR', 0.03859184529623084), ('AJG', 0.03831796817554425), ('AEP', 0.03759590080668412), ('DUK', 0.03696235980082289), ('WRB', 0.03673915465049295), ('LNT', 0.03651145258942123), ('CME', 0.03600530088445863), ('EXC', 0.03588277410866519), ('EVRG', 0.0358342681165649)]"
